TIMESTAMP;AD1 Curncy;EO1 Index;AI1 Index;XA1 Comdty;BA1 Comdty;CA1 Comdty;BO1 Comdty;BP1 Curncy;UO1 Index;C 1 Comdty;CC1 Comdty;CD1 Curncy;CN1 Comdty;XQ1 Comdty;CL1 Comdty;CL2 Comdty;IJ1 Comdty;FB1 Comdty;CT1 Comdty;OD1 Comdty;FA1 Index;UC1 Curncy;DX1 Curncy;ES1 Index;IK1 Comdty;FC1 Comdty;CF1 Index;KO1 Comdty;GX1 Index;ER1 Comdty;CA1 Index;FP1 Comdty;FF1 Comdty;Z 1 Index;RX1 Comdty;OE1 Comdty;DU1 Comdty;UB1 Comdty;IK1 Index;G 1 Comdty;SM1 Index;SX1 Index;BJ1 Index;KG1 Index;QB1 Index;HG1 Index;PF1 Index;JS1 Index;WQ1 Index;GP1 Index;FV1 Comdty;FVS1 Index;GC1 Comdty;HG1 Comdty;HO1 Comdty;ST1 Index;BZ1 Index;IS1 Index;JB1 Comdty;NK1 Index;NO1 Index;TP1 Index;JY1 Curncy;KC1 Comdty;KM1 Index;KE1 Comdty;KW1 Comdty;LC1 Comdty;QC1 Comdty;CO1 Comdty;QS1 Comdty;LH1 Comdty;PG1 Comdty;DF1 Comdty;QW1 Comdty;WZ1 Comdty;YW1 Comdty;MES1 Index;MFS1 Index;IB1 Index;PE1 Curncy;MW1 Comdty;AF1 Index;XW1 Comdty;NV1 Curncy;NG1 Comdty;FN1 Comdty;NH1 Index;NX1 Index;NQ1 Index;OI1 Index;JO1 Comdty;QC1 Index;PA1 Comdty;PL1 Comdty;RA1 Curncy;XB1 Comdty;RF1 Curncy;VE1 Index;RP1 Curncy;RR1 Comdty;RS1 Comdty;S 1 Comdty;BC1 Index;SB1 Comdty;SF1 Curncy;SI1 Comdty;BJ1 Comdty;SM1 Comdty;QZ1 Index;NI1 Index;VG1 Index;PT1 Index;TU1 Comdty;TY1 Comdty;EC1 Curncy;US1 Comdty;UX1 Index;UX2 Index;W 1 Comdty;XP1 Index;IR1 Comdty;DM1 Index;3Y1 Comdty;XM1 Comdty;YM1 Comdty;SFR1 Comdty
2000-01-01;NA;NA;NA;NA;NA;NA;NA;NA;NA;NA;NA;NA;NA;NA;NA;NA;NA;NA;NA;NA;NA;NA;NA;NA;NA;NA;NA;NA;NA;NA;NA;NA;NA;NA;NA;NA;NA;NA;NA;NA;NA;NA;NA;NA;NA;NA;NA;NA;NA;NA;NA;NA;NA;NA;NA;NA;NA;NA;NA;NA;NA;NA;NA;NA;NA;NA;NA;NA;NA;NA;NA;NA;NA;NA;NA;NA;NA;NA;NA;NA;NA;NA;NA;NA;NA;NA;NA;NA;NA;NA;NA;NA;NA;NA;NA;NA;NA;NA;NA;NA;NA;NA;NA;NA;NA;NA;NA;NA;NA;NA;NA;NA;NA;NA;NA;NA;NA;NA;NA;NA;NA;NA;NA;NA;NA;NA;NA
2000-01-02;NA;NA;NA;NA;NA;NA;NA;NA;NA;NA;NA;NA;NA;NA;NA;NA;NA;NA;NA;NA;NA;NA;NA;NA;NA;NA;NA;NA;NA;NA;NA;NA;NA;NA;NA;NA;NA;NA;NA;NA;NA;NA;NA;NA;NA;NA;NA;NA;NA;NA;NA;NA;NA;NA;NA;NA;NA;NA;NA;NA;NA;NA;NA;NA;NA;NA;NA;NA;NA;NA;NA;NA;NA;NA;NA;NA;NA;NA;NA;NA;NA;NA;NA;NA;NA;NA;NA;NA;NA;NA;NA;NA;NA;NA;NA;NA;NA;NA;NA;NA;NA;NA;NA;NA;NA;NA;NA;NA;NA;NA;NA;NA;NA;NA;NA;NA;NA;NA;NA;NA;NA;NA;NA;NA;NA;NA;NA
2000-01-03;44.886000;474.960000;NA;NA;NA;317.500000;31.100000;152.300000;NA;2043.812500;1798.000000;69.790000;NA;NA;NA;NA;99.360000;86.680000;353.470000;65.842000;NA;14647.563000;101.674000;1715.950000;NA;113.766000;3999.200000;645.460000;10508.490000;NA;NA;94.194900;91.904600;NA;66.620000;78.076000;95.211000;55.900000;535.210000;NA;4749.410000;NA;NA;NA;NA;NA;NA;NA;NA;NA;68.468750;NA;NA;NA;NA;NA;220752.000000;29159.260000;NA;NA;NA;NA;180.368000;2174.630000;NA;NA;3042.312500;105.017000;NA;NA;NA;64.965000;NA;NA;NA;NA;NA;NA;NA;6503.800000;2.854700;1053.500000;NA;NA;32.510000;NA;NA;NA;19631.280000;5847.320000;303.860000;148.480000;NA;NA;NA;4.054570;NA;NA;NA;0.821100;119.082000;491.060000;257.812500;NA;9.770000;105.362000;NA;NA;21.340000;211.930000;NA;3080.920000;NA;86.742188;57.703125;1.270890;54.500000;NA;NA;8612.187500;NA;NA;NA;NA;NA;NA;NA
2000-01-04;44.479000;453.930000;23228.000000;NA;94.550000;318.760000;31.340000;152.090000;27114.430000;2066.687500;1811.000000;69.467000;67.120000;89.060000;38.460000;58.200000;98.360000;86.210000;351.110000;66.245000;NA;14921.728000;101.888000;1651.600000;NA;113.634000;3849.000000;636.570000;10239.000000;94.254000;NA;94.165600;91.928900;5435.900000;66.510000;78.083000;95.229000;55.870000;532.720000;60.040000;4555.030000;NA;NA;NA;NA;NA;NA;NA;NA;NA;68.695312;NA;587.170000;132.390000;31.920000;NA;206665.000000;27643.930000;94.080000;13615.000000;NA;1084.900000;177.237000;2169.960000;153.060000;68.760000;3039.562500;104.076000;1942.000000;15.960000;72.370000;64.559000;NA;NA;26.660000;1541.360000;1293.300000;NA;NA;6238.400000;2.808000;1052.687500;NA;NA;32.263000;899.689000;1454118.790000;NA;19475.270000;5410.800000;293.670000;146.800000;NA;748.040000;460.530000;4.080070;NA;NA;NA;0.823960;119.517000;490.100000;261.687500;NA;9.240000;105.607000;11.546000;93.040000;21.610000;209.080000;13707.000000;2960.520000;431.940000;86.851562;57.984375;1.273720;54.968750;NA;NA;8603.500000;NA;97.206000;NA;NA;90.630400;90.204000;NA
2000-01-05;44.635000;446.540000;22841.000000;NA;94.440000;318.130000;31.610000;152.540000;26992.570000;2066.687500;1800.000000;69.638000;66.590000;88.650000;37.500000;56.860000;98.650000;86.170000;356.860000;66.182000;NA;14778.031000;101.837000;1653.650000;NA;113.567000;3711.600000;633.240000;10087.660000;94.263000;NA;94.165600;91.938600;5324.100000;66.340000;78.076000;95.229000;55.610000;517.660000;59.660000;4495.220000;NA;NA;NA;NA;NA;NA;NA;NA;NA;68.429688;NA;583.860000;133.720000;31.340000;NA;210717.000000;27869.440000;94.370000;13177.000000;NA;1033.100000;175.282000;2213.830000;141.930000;68.590000;3064.500000;103.925000;1939.000000;15.520000;72.200000;63.920000;NA;NA;26.770000;1533.970000;1285.750000;NA;NA;6079.400000;2.819700;1055.187500;NA;NA;32.078000;896.381000;1444073.070000;NA;19319.260000;5342.360000;283.700000;150.340000;NA;741.610000;447.390000;4.091266;NA;NA;NA;0.822920;119.734000;490.860000;264.750000;NA;9.300000;105.787000;11.191000;93.360000;22.080000;197.060000;13207.000000;2890.820000;426.130000;86.738281;57.578125;1.275810;54.375000;NA;NA;8690.500000;NA;97.226000;NA;NA;90.747600;90.291000;NA
2000-01-06;44.452000;441.210000;23053.000000;NA;94.470000;318.130000;31.790000;153.060000;26230.930000;2074.312500;1821.000000;69.115000;66.890000;88.790000;37.300000;56.700000;99.500000;85.850000;360.460000;65.957000;NA;14806.699000;102.132000;1642.540000;NA;114.429000;3705.500000;637.680000;10046.730000;94.273000;NA;94.180300;91.933700;5258.000000;66.250000;78.076000;95.238000;55.360000;516.290000;59.590000;4552.530000;NA;NA;NA;NA;NA;NA;NA;NA;NA;68.554688;NA;584.480000;133.170000;31.210000;NA;208647.000000;27794.270000;94.500000;12833.000000;NA;994.000000;173.381000;2181.160000;136.200000;68.500000;3050.625000;105.582000;1925.000000;15.450000;71.600000;64.037000;NA;NA;26.740000;1535.520000;1285.750000;NA;NA;NA;2.809400;1051.000000;NA;NA;31.893000;907.958000;1439050.200000;NA;18742.030000;5038.170000;284.940000;148.300000;NA;736.870000;438.600000;4.087534;NA;NA;NA;0.818620;120.277000;494.110000;263.937500;NA;9.240000;105.623000;11.099000;93.520000;21.870000;192.570000;12858.000000;2873.710000;422.360000;86.796875;57.765625;1.273350;54.812500;NA;NA;8647.000000;NA;97.206000;NA;NA;90.649900;90.204000;NA
2000-01-07;44.479000;455.790000;23641.000000;NA;94.510000;318.130000;32.070000;152.230000;26230.930000;2107.437500;1847.000000;69.266000;67.100000;89.060000;36.460000;55.670000;99.650000;86.180000;373.470000;65.728000;NA;14680.069000;102.295000;1707.760000;NA;115.091000;3766.400000;NA;10547.870000;94.293000;NA;94.214500;91.919200;5293.700000;66.790000;78.447000;95.434000;56.030000;NA;59.860000;4651.600000;NA;NA;NA;NA;NA;NA;NA;NA;NA;68.703125;NA;585.520000;133.330000;30.490000;NA;211310.000000;28965.390000;94.190000;13027.000000;NA;1007.900000;173.707000;2130.760000;137.100000;68.600000;3081.125000;106.788000;1953.000000;15.110000;69.570000;64.559000;NA;NA;26.740000;1541.360000;1278.200000;NA;NA;6190.000000;2.826500;1056.812500;NA;NA;31.893000;898.448000;1432771.620000;NA;19210.060000;5417.650000;290.560000;148.390000;NA;751.420000;440.820000;4.103705;NA;NA;NA;0.821750;120.060000;496.980000;265.750000;NA;9.350000;105.085000;11.159000;93.160000;21.920000;199.120000;13045.000000;2968.130000;441.440000;86.859375;58.000000;1.271260;55.156250;NA;NA;8760.062500;NA;97.175000;NA;NA;90.669400;90.204000;NA
2000-01-08;NA;NA;NA;NA;NA;NA;NA;NA;NA;NA;NA;NA;NA;NA;NA;NA;NA;NA;NA;NA;NA;NA;NA;NA;NA;NA;NA;NA;NA;NA;NA;NA;NA;NA;NA;NA;NA;NA;NA;NA;NA;NA;NA;NA;NA;NA;NA;NA;NA;NA;NA;NA;NA;NA;NA;NA;NA;NA;NA;NA;NA;NA;NA;NA;NA;NA;NA;NA;NA;NA;NA;NA;NA;NA;NA;NA;NA;NA;NA;NA;NA;NA;NA;NA;NA;NA;NA;NA;NA;NA;NA;NA;NA;NA;NA;NA;NA;NA;NA;NA;NA;NA;NA;NA;NA;NA;NA;NA;NA;NA;NA;NA;NA;NA;NA;NA;NA;NA;NA;NA;NA;NA;NA;NA;NA;NA;NA
2000-01-09;NA;NA;NA;NA;NA;NA;NA;NA;NA;NA;NA;NA;NA;NA;NA;NA;NA;NA;NA;NA;NA;NA;NA;NA;NA;NA;NA;NA;NA;NA;NA;NA;NA;NA;NA;NA;NA;NA;NA;NA;NA;NA;NA;NA;NA;NA;NA;NA;NA;NA;NA;NA;NA;NA;NA;NA;NA;NA;NA;NA;NA;NA;NA;NA;NA;NA;NA;NA;NA;NA;NA;NA;NA;NA;NA;NA;NA;NA;NA;NA;NA;NA;NA;NA;NA;NA;NA;NA;NA;NA;NA;NA;NA;NA;NA;NA;NA;NA;NA;NA;NA;NA;NA;NA;NA;NA;NA;NA;NA;NA;NA;NA;NA;NA;NA;NA;NA;NA;NA;NA;NA;NA;NA;NA;NA;NA;NA
2000-01-10;44.541000;461.550000;24484.000000;NA;94.500000;318.130000;31.650000;152.060000;27876.070000;2122.687500;1817.000000;69.306000;66.880000;88.880000;37.140000;56.530000;99.220000;86.360000;370.700000;65.377000;NA;14564.114000;102.448000;1725.600000;NA;114.992000;3838.200000;NA;10748.640000;94.312000;NA;94.209600;91.904600;5383.700000;66.830000;78.508000;95.452000;56.060000;NA;60.200000;4662.190000;NA;NA;NA;NA;NA;NA;NA;NA;NA;68.554688;NA;585.100000;132.160000;30.480000;NA;219528.000000;30069.250000;NA;NA;NA;NA;173.888000;2194.230000;141.600000;68.540000;3103.312500;106.637000;1956.000000;15.520000;66.440000;64.588000;NA;NA;26.760000;1539.410000;1275.190000;NA;NA;6223.000000;2.849900;1060.125000;NA;NA;31.831000;916.227000;1445328.780000;NA;19412.870000;5734.010000;296.790000;148.660000;NA;765.050000;443.610000;4.086290;NA;NA;NA;0.820310;119.299000;490.670000;262.812500;NA;9.330000;104.791000;11.148000;NA;21.730000;201.490000;13146.000000;3008.050000;449.780000;86.765625;57.859375;1.267820;54.906250;NA;NA;8821.000000;NA;97.123000;NA;NA;90.659700;90.166000;NA
2000-01-11;44.663000;457.690000;24586.000000;NA;94.470000;317.500000;31.260000;153.100000;27876.070000;2109.937500;1832.000000;69.266000;66.700000;88.600000;38.790000;58.830000;98.790000;85.960000;374.990000;65.351000;NA;14614.172000;102.051000;1701.320000;NA;114.793000;3808.400000;627.680000;10715.430000;94.288000;NA;94.194900;91.899700;5302.600000;66.250000;78.159000;95.294000;55.430000;532.100000;59.820000;4643.500000;NA;NA;NA;NA;NA;NA;NA;NA;NA;68.265625;NA;588.620000;131.690000;31.430000;NA;214113.000000;29321.470000;94.260000;13500.000000;NA;1061.200000;172.603000;2198.890000;139.800000;68.490000;3106.125000;106.788000;1953.000000;16.110000;68.240000;65.023000;NA;NA;26.350000;1547.570000;1282.730000;NA;NA;6145.400000;2.832000;1059.312500;NA;NA;31.893000;934.419000;1455374.510000;NA;19319.260000;5437.420000;294.300000;145.210000;NA;760.730000;443.050000;4.081314;NA;NA;NA;0.820310;117.887000;493.350000;263.375000;NA;9.080000;105.411000;11.159000;93.260000;21.860000;197.360000;13531.000000;2983.330000;442.320000;86.632812;57.390625;1.276310;54.343750;NA;NA;8829.687500;NA;97.102000;NA;NA;90.601100;90.117000;NA
2000-01-12;44.663000;450.080000;24368.000000;NA;94.480000;318.130000;31.550000;153.100000;27876.070000;2193.937500;1850.000000;69.377000;66.640000;88.690000;39.560000;60.120000;99.220000;86.180000;371.810000;65.053000;NA;14674.994000;102.122000;1686.990000;NA;114.164000;3789.400000;629.910000;10714.660000;94.293000;NA;94.194900;91.914300;5322.900000;66.280000;78.151000;95.303000;55.370000;540.820000;59.640000;4655.960000;NA;NA;NA;NA;NA;NA;NA;NA;NA;68.148438;NA;587.170000;135.200000;32.240000;NA;212560.000000;29424.340000;94.050000;13349.000000;NA;1043.800000;172.566000;2220.360000;136.650000;68.300000;3169.875000;106.110000;1967.000000;16.230000;70.570000;63.601000;NA;NA;26.040000;1553.020000;1290.280000;NA;NA;6106.500000;2.819000;1074.312500;NA;NA;31.955000;927.804000;1464164.520000;NA;19314.060000;5328.670000;288.890000;146.270000;NA;765.560000;447.950000;4.098107;NA;NA;NA;0.819140;117.561000;494.500000;266.562500;NA;8.720000;105.199000;11.047000;93.020000;22.180000;200.090000;13415.000000;2955.450000;436.650000;86.578125;57.281250;1.274580;54.218750;NA;NA;9003.625000;NA;97.082000;NA;NA;90.557100;90.078000;NA
2000-01-13;45.347000;451.770000;24405.000000;NA;94.520000;318.760000;32.510000;152.970000;27876.070000;2247.375000;1886.000000;69.548000;66.840000;88.880000;40.180000;60.730000;99.220000;86.460000;378.940000;65.194000;NA;14540.138000;102.468000;1706.880000;NA;113.832000;3811.800000;624.910000;10824.310000;94.302000;NA;94.209600;91.914300;5313.200000;66.360000;78.182000;95.359000;55.430000;555.880000;60.060000;4648.480000;NA;NA;NA;NA;NA;NA;NA;NA;NA;68.445312;NA;590.070000;133.720000;32.630000;NA;222860.000000;29891.210000;94.100000;13564.000000;NA;1055.800000;172.096000;2212.890000;138.790000;68.330000;3217.062500;106.374000;2005.000000;16.430000;71.680000;63.630000;NA;NA;26.210000;1582.170000;1314.420000;NA;NA;6134.800000;2.844400;1085.125000;NA;NA;32.325000;931.112000;1505603.140000;NA;19709.290000;5542.370000;293.880000;149.360000;NA;756.670000;450.730000;4.106226;NA;NA;NA;0.815230;117.996000;500.230000;271.437500;NA;8.790000;104.530000;11.069000;93.080000;22.440000;197.910000;13602.000000;2985.230000;439.480000;86.714844;57.656250;1.267320;54.750000;NA;NA;9168.937500;NA;97.102000;NA;NA;90.566900;90.098000;NA
2000-01-14;45.239000;463.020000;24664.000000;NA;94.510000;319.390000;32.330000;151.850000;28988.070000;2229.562500;1841.000000;69.467000;66.670000;88.790000;42.180000;63.580000;99.650000;86.850000;381.500000;64.881000;NA;14462.162000;103.262000;1729.110000;NA;114.296000;3932.200000;641.570000;11164.060000;94.327000;NA;94.224300;91.914300;5421.800000;66.190000;78.106000;95.331000;55.120000;584.380000;59.860000;4703.930000;NA;NA;NA;NA;NA;NA;NA;NA;NA;68.289062;NA;589.660000;134.660000;34.760000;NA;225927.000000;30365.980000;94.310000;13514.000000;NA;1043.500000;172.820000;2100.890000;135.640000;68.700000;3250.312500;106.713000;1984.000000;16.860000;73.580000;65.168000;NA;NA;26.090000;1599.670000;1323.480000;NA;NA;6301.400000;2.854700;1081.812500;NA;NA;32.140000;960.054000;1499324.560000;NA;19823.700000;5705.870000;295.130000;147.690000;NA;746.510000;456.850000;4.098107;NA;NA;NA;0.811970;119.082000;501.380000;275.437500;NA;8.720000;103.175000;11.062000;93.290000;23.050000;198.760000;13588.000000;3103.100000;435.980000;86.640625;57.406250;1.253170;54.437500;NA;NA;9221.125000;NA;97.113000;NA;NA;90.576600;90.098000;NA
2000-01-15;NA;NA;NA;NA;NA;NA;NA;NA;NA;NA;NA;NA;NA;NA;NA;NA;NA;NA;NA;NA;NA;NA;NA;NA;NA;NA;NA;NA;NA;NA;NA;NA;NA;NA;NA;NA;NA;NA;NA;NA;NA;NA;NA;NA;NA;NA;NA;NA;NA;NA;NA;NA;NA;NA;NA;NA;NA;NA;NA;NA;NA;NA;NA;NA;NA;NA;NA;NA;NA;NA;NA;NA;NA;NA;NA;NA;NA;NA;NA;NA;NA;NA;NA;NA;NA;NA;NA;NA;NA;NA;NA;NA;NA;NA;NA;NA;NA;NA;NA;NA;NA;NA;NA;NA;NA;NA;NA;NA;NA;NA;NA;NA;NA;NA;NA;NA;NA;NA;NA;NA;NA;NA;NA;NA;NA;NA;NA
2000-01-16;NA;NA;NA;NA;NA;NA;NA;NA;NA;NA;NA;NA;NA;NA;NA;NA;NA;NA;NA;NA;NA;NA;NA;NA;NA;NA;NA;NA;NA;NA;NA;NA;NA;NA;NA;NA;NA;NA;NA;NA;NA;NA;NA;NA;NA;NA;NA;NA;NA;NA;NA;NA;NA;NA;NA;NA;NA;NA;NA;NA;NA;NA;NA;NA;NA;NA;NA;NA;NA;NA;NA;NA;NA;NA;NA;NA;NA;NA;NA;NA;NA;NA;NA;NA;NA;NA;NA;NA;NA;NA;NA;NA;NA;NA;NA;NA;NA;NA;NA;NA;NA;NA;NA;NA;NA;NA;NA;NA;NA;NA;NA;NA;NA;NA;NA;NA;NA;NA;NA;NA;NA;NA;NA;NA;NA;NA;NA
2000-01-17;45.035000;465.860000;25249.000000;NA;94.500000;318.760000;NA;151.590000;29886.800000;NA;NA;69.437000;66.690000;88.620000;NA;NA;99.650000;86.620000;381.500000;64.939000;NA;14372.800000;103.608000;NA;NA;NA;3959.300000;639.900000;11284.520000;94.327000;NA;94.234000;NA;5433.900000;66.200000;78.098000;95.341000;55.070000;597.820000;59.610000;4690.230000;NA;NA;NA;NA;NA;NA;NA;NA;NA;NA;NA;NA;NA;NA;NA;230837.000000;30484.680000;94.330000;13837.000000;NA;1060.200000;174.286000;NA;142.100000;68.670000;NA;NA;1953.000000;17.180000;75.900000;NA;NA;NA;26.090000;1593.830000;1321.970000;NA;NA;6307.200000;NA;NA;NA;NA;NA;NA;1510626.000000;NA;NA;5720.320000;294.710000;147.690000;NA;NA;NA;NA;NA;NA;NA;NA;NA;498.890000;NA;NA;NA;102.670000;NA;93.320000;NA;193.230000;13905.000000;3122.110000;440.900000;NA;NA;1.247510;NA;NA;NA;NA;NA;97.113000;NA;NA;90.542400;90.069000;NA
2000-01-18;45.124000;455.970000;24964.000000;NA;94.460000;318.760000;32.740000;152.000000;30221.930000;2239.750000;1793.000000;69.508000;66.420000;88.420000;43.430000;65.130000;99.070000;86.220000;379.010000;64.556000;NA;14361.127000;103.465000;1719.160000;NA;114.296000;3850.700000;632.680000;11000.360000;94.312000;NA;94.224300;91.899700;5277.100000;65.800000;77.969000;95.285000;54.490000;606.160000;59.200000;4619.200000;NA;NA;NA;NA;NA;NA;NA;NA;NA;68.125000;NA;599.380000;135.200000;36.280000;NA;228742.000000;29990.120000;94.600000;13729.000000;NA;1048.600000;172.838000;2160.630000;140.980000;68.490000;3239.250000;106.524000;1939.000000;17.450000;76.070000;64.472000;NA;NA;25.750000;1560.790000;1300.840000;NA;NA;6193.900000;2.867100;1075.125000;NA;NA;32.016000;985.275000;1548297.470000;NA;19792.490000;5790.280000;293.880000;149.100000;NA;742.620000;462.750000;4.085617;NA;NA;NA;0.809500;118.539000;499.660000;278.750000;NA;8.470000;103.029000;11.094000;93.570000;23.180000;191.960000;13789.000000;3029.590000;446.850000;86.578125;57.125000;1.250470;54.093750;NA;NA;9203.750000;NA;97.123000;NA;NA;90.586400;90.107000;NA
2000-01-19;45.008000;451.990000;24813.000000;NA;94.460000;318.760000;32.370000;152.670000;30221.930000;2247.375000;1828.000000;69.417000;66.360000;88.510000;44.470000;65.320000;99.930000;86.170000;399.700000;64.461000;NA;14337.694000;103.272000;1722.670000;NA;113.038000;3829.400000;636.570000;11008.090000;94.342000;NA;94.248700;91.894900;5238.600000;66.040000;78.060000;95.350000;54.970000;595.080000;59.490000;4591.790000;NA;NA;NA;NA;NA;NA;NA;NA;NA;68.210938;NA;600.830000;137.780000;37.690000;NA;224438.000000;29436.210000;94.630000;13572.000000;NA;1031.200000;173.363000;2178.360000;135.080000;68.660000;3255.875000;105.696000;1956.000000;17.310000;76.160000;64.994000;NA;NA;26.140000;1549.130000;1290.280000;NA;NA;6237.500000;2.866400;1090.125000;NA;NA;32.016000;999.332000;1636197.570000;NA;19714.490000;5855.680000;293.360000;147.160000;NA;749.480000;476.670000;4.070628;NA;NA;NA;0.805980;118.865000;503.100000;278.062500;NA;8.790000;102.996000;11.112000;93.610000;23.170000;185.830000;13628.000000;3021.990000;448.980000;86.628906;57.250000;1.250590;54.281250;NA;NA;9255.937500;NA;97.092000;NA;NA;90.513100;90.040000;NA
2000-01-20;45.157000;452.870000;24725.000000;NA;94.450000;319.390000;32.250000;153.640000;30770.310000;2247.375000;1847.000000;69.689000;66.190000;88.380000;44.650000;65.530000;99.930000;86.140000;397.550000;64.481000;NA;14270.840000;102.957000;1703.660000;NA;112.971000;3868.600000;636.570000;11026.620000;94.342000;NA;94.258500;91.909400;5156.700000;66.270000;78.151000;95.406000;55.410000;609.020000;59.310000;4540.070000;NA;NA;NA;NA;NA;NA;NA;NA;NA;68.101562;NA;598.760000;136.300000;40.720000;NA;219364.000000;28862.520000;94.440000;13665.000000;NA;1035.000000;173.363000;2090.630000;135.420000;68.990000;3247.562500;105.168000;1956.000000;17.480000;78.400000;65.255000;NA;NA;26.240000;1551.460000;1290.280000;NA;NA;6154.300000;2.862300;1086.750000;NA;NA;31.708000;1058.044000;1722841.950000;NA;19615.680000;5901.310000;292.950000;146.980000;NA;764.630000;471.440000;4.082494;NA;NA;NA;0.804160;123.428000;506.920000;280.562500;NA;8.900000;103.583000;11.292000;93.380000;23.560000;192.570000;13718.000000;3036.560000;450.400000;86.585938;57.078125;1.255630;54.218750;NA;NA;9221.125000;NA;97.113000;NA;NA;90.552200;90.078000;NA
2000-01-21;45.002000;450.810000;24307.000000;NA;94.510000;319.390000;32.050000;153.230000;30557.050000;2267.750000;1865.000000;70.071000;66.220000;88.470000;NA;66.070000;100.360000;86.150000;388.630000;64.735000;NA;14187.120000;103.323000;1701.320000;NA;113.170000;3841.200000;637.130000;10829.710000;94.332000;NA;94.234000;91.914300;5155.900000;66.110000;78.015000;95.331000;55.240000;603.170000;59.490000;4517.640000;NA;NA;NA;NA;NA;NA;NA;NA;NA;68.101562;NA;599.590000;136.300000;44.030000;NA;218139.000000;28091.010000;94.650000;13450.000000;NA;1021.100000;174.141000;2075.690000;132.720000;69.020000;3250.312500;105.206000;1970.000000;17.650000;80.980000;66.242000;NA;NA;26.110000;1563.120000;1305.370000;NA;NA;6107.600000;2.850600;1085.125000;NA;NA;31.708000;1027.448000;1768047.720000;NA;19501.280000;5921.090000;292.120000;148.130000;NA;773.770000;475.330000;4.062510;NA;NA;NA;0.800900;121.255000;508.260000;280.437500;NA;8.690000;102.898000;11.298000;93.650000;23.600000;186.500000;13534.000000;2984.600000;446.490000;86.593750;57.031250;1.247140;54.406250;NA;NA;9195.062500;NA;97.092000;NA;NA;90.513100;90.049000;NA
2000-01-22;NA;NA;NA;NA;NA;NA;NA;NA;NA;NA;NA;NA;NA;NA;NA;NA;NA;NA;NA;NA;NA;NA;NA;NA;NA;NA;NA;NA;NA;NA;NA;NA;NA;NA;NA;NA;NA;NA;NA;NA;NA;NA;NA;NA;NA;NA;NA;NA;NA;NA;NA;NA;NA;NA;NA;NA;NA;NA;NA;NA;NA;NA;NA;NA;NA;NA;NA;NA;NA;NA;NA;NA;NA;NA;NA;NA;NA;NA;NA;NA;NA;NA;NA;NA;NA;NA;NA;NA;NA;NA;NA;NA;NA;NA;NA;NA;NA;NA;NA;NA;NA;NA;NA;NA;NA;NA;NA;NA;NA;NA;NA;NA;NA;NA;NA;NA;NA;NA;NA;NA;NA;NA;NA;NA;NA;NA;NA
2000-01-23;NA;NA;NA;NA;NA;NA;NA;NA;NA;NA;NA;NA;NA;NA;NA;NA;NA;NA;NA;NA;NA;NA;NA;NA;NA;NA;NA;NA;NA;NA;NA;NA;NA;NA;NA;NA;NA;NA;NA;NA;NA;NA;NA;NA;NA;NA;NA;NA;NA;NA;NA;NA;NA;NA;NA;NA;NA;NA;NA;NA;NA;NA;NA;NA;NA;NA;NA;NA;NA;NA;NA;NA;NA;NA;NA;NA;NA;NA;NA;NA;NA;NA;NA;NA;NA;NA;NA;NA;NA;NA;NA;NA;NA;NA;NA;NA;NA;NA;NA;NA;NA;NA;NA;NA;NA;NA;NA;NA;NA;NA;NA;NA;NA;NA;NA;NA;NA;NA;NA;NA;NA;NA;NA;NA;NA;NA;NA
2000-01-24;44.351000;454.370000;24150.000000;NA;94.570000;318.760000;32.580000;153.280000;30161.000000;2313.562500;1828.000000;69.880000;66.670000;88.790000;44.070000;65.390000;101.070000;86.130000;390.010000;64.908000;NA;14178.000000;103.781000;1651.600000;NA;113.004000;3855.800000;644.350000;10733.190000;94.298000;NA;94.204700;91.914300;5186.700000;66.240000;78.060000;95.331000;55.480000;604.290000;59.570000;4462.820000;NA;NA;NA;NA;NA;NA;NA;NA;NA;68.335938;NA;596.280000;133.720000;40.660000;NA;217293.000000;28079.140000;95.260000;13658.000000;NA;1037.500000;172.766000;2088.760000;133.670000;69.050000;3266.937500;105.206000;1963.000000;17.460000;77.620000;65.603000;NA;NA;25.750000;1568.960000;1309.900000;NA;NA;6116.500000;2.836200;1091.750000;NA;NA;31.708000;1045.226000;1749211.980000;NA;19459.670000;5602.450000;296.050000;145.920000;NA;796.030000;485.350000;4.045023;NA;NA;NA;0.796080;121.255000;512.660000;284.187500;NA;8.470000;102.213000;11.369000;94.250000;23.870000;183.880000;13707.000000;2978.260000;440.990000;86.687500;57.390625;1.240130;54.781250;NA;NA;9255.937500;NA;97.071000;NA;NA;90.508300;90.030000;NA
2000-01-25;44.425000;449.740000;23408.000000;NA;94.560000;320.010000;32.640000;152.760000;29247.030000;2316.125000;1815.000000;70.152000;66.660000;88.830000;44.780000;66.360000;100.930000;86.180000;400.460000;NA;NA;NA;103.974000;1659.500000;NA;112.773000;3792.800000;647.680000;10642.080000;94.302000;NA;94.209600;91.914300;5088.700000;66.460000;78.220000;95.378000;55.860000;602.800000;59.930000;4339.460000;NA;NA;NA;NA;NA;NA;NA;NA;NA;68.304688;NA;593.170000;131.530000;42.560000;NA;NA;28138.490000;95.420000;13572.000000;NA;1033.400000;172.277000;2106.490000;127.550000;68.880000;3255.875000;105.206000;1963.000000;17.780000;77.790000;65.110000;NA;NA;25.750000;1560.790000;1290.280000;NA;NA;6068.200000;2.833400;1087.625000;NA;NA;31.369000;1081.611000;1720330.520000;NA;19735.290000;5766.710000;290.780000;146.180000;NA;810.840000;491.920000;4.046897;NA;NA;NA;0.796730;123.646000;509.410000;286.937500;NA;8.520000;101.935000;11.417000;94.370000;24.040000;182.250000;13610.000000;2971.930000;445.780000;86.667969;57.343750;1.236930;54.937500;NA;NA;9212.437500;NA;97.061000;NA;NA;90.576600;90.078000;NA
2000-01-26;44.195000;446.520000;22841.000000;NA;94.580000;320.010000;32.640000;152.190000;29612.610000;2270.312500;1832.000000;70.102000;66.960000;88.980000;44.080000;65.270000;101.070000;86.180000;397.420000;65.032000;NA;14210.569000;104.086000;1655.990000;NA;113.335000;3826.000000;649.900000;10794.190000;94.249000;NA;94.165600;91.909400;5194.800000;66.380000;78.083000;95.303000;55.910000;586.620000;59.940000;4365.620000;NA;NA;NA;NA;NA;NA;NA;NA;NA;68.226562;NA;592.970000;131.380000;43.390000;NA;218114.000000;28261.140000;95.390000;13693.000000;NA;1053.900000;172.512000;2149.430000;125.750000;68.800000;3197.625000;105.469000;1977.000000;17.500000;78.310000;65.255000;NA;NA;25.970000;1554.960000;1290.280000;NA;NA;6161.800000;2.843700;1075.937500;NA;NA;31.338000;1043.159000;1719074.810000;NA;19891.300000;5558.340000;290.880000;147.860000;NA;798.990000;481.460000;4.040027;NA;NA;NA;0.799330;125.601000;505.010000;284.875000;NA;8.640000;101.886000;11.348000;94.380000;23.780000;184.370000;13746.000000;2999.180000;452.080000;86.632812;57.406250;1.236320;55.343750;NA;NA;9047.125000;NA;97.061000;NA;NA;90.571800;90.069000;NA
2000-01-27;44.385000;446.870000;22795.000000;NA;94.570000;320.010000;33.890000;152.210000;29612.610000;2298.312500;1782.000000;70.363000;66.640000;88.600000;43.260000;64.030000;101.640000;85.910000;398.180000;65.181000;NA;14222.194000;104.870000;1649.260000;NA;112.144000;3857.100000;637.680000;11059.050000;94.205000;NA;94.121600;91.914300;5222.400000;66.040000;77.856000;95.183000;55.560000;586.870000;59.460000;4449.110000;NA;NA;NA;NA;NA;NA;NA;NA;NA;68.078125;NA;594.210000;131.850000;42.930000;NA;217495.000000;27956.490000;95.430000;13751.000000;NA;1063.700000;173.689000;2139.160000;130.360000;68.980000;3225.375000;104.754000;1956.000000;17.160000;76.420000;65.110000;NA;NA;25.800000;1554.960000;1287.260000;NA;NA;6259.300000;2.834800;1080.125000;NA;NA;31.202000;1067.448000;1724962.050000;NA;19896.500000;5530.200000;291.290000;144.510000;NA;817.610000;496.040000;4.010674;NA;NA;NA;0.788130;126.905000;509.600000;292.500000;NA;8.660000;100.483000;11.631000;94.400000;24.260000;187.880000;13793.000000;3061.910000;455.190000;86.531250;57.390625;1.219090;55.750000;NA;NA;9168.937500;NA;97.113000;NA;NA;90.625500;90.117000;NA
2000-01-28;42.819000;441.120000;22460.000000;NA;94.530000;320.010000;33.750000;150.570000;30724.610000;2275.375000;1756.000000;69.790000;66.710000;88.540000;43.100000;63.910000;103.790000;85.470000;397.620000;65.330000;NA;14349.694000;106.203000;1598.660000;NA;112.177000;3882.100000;643.240000;10957.120000;94.214000;NA;94.131400;91.914300;5176.600000;66.330000;77.954000;95.229000;56.060000;581.770000;59.350000;4389.300000;NA;NA;NA;NA;NA;NA;NA;NA;NA;68.046875;NA;585.720000;130.360000;43.570000;NA;212522.000000;27070.240000;95.700000;13894.000000;NA;1075.700000;170.249000;2141.030000;134.630000;69.290000;3192.062500;105.055000;1970.000000;17.200000;75.130000;66.155000;NA;NA;25.900000;1561.180000;1297.820000;NA;NA;6122.100000;2.823800;1072.625000;NA;NA;30.320000;1060.329000;1730849.290000;NA;19854.900000;5285.330000;288.400000;142.920000;NA;822.520000;505.170000;3.926989;NA;NA;NA;0.788130;129.078000;509.410000;290.562500;NA;8.760000;99.503000;11.442000;94.670000;24.060000;186.060000;13930.000000;3018.190000;440.950000;86.429688;57.578125;1.206170;56.343750;NA;NA;9038.437500;NA;97.257000;NA;NA;90.630400;90.175000;NA
2000-01-29;NA;NA;NA;NA;NA;NA;NA;NA;NA;NA;NA;NA;NA;NA;NA;NA;NA;NA;NA;NA;NA;NA;NA;NA;NA;NA;NA;NA;NA;NA;NA;NA;NA;NA;NA;NA;NA;NA;NA;NA;NA;NA;NA;NA;NA;NA;NA;NA;NA;NA;NA;NA;NA;NA;NA;NA;NA;NA;NA;NA;NA;NA;NA;NA;NA;NA;NA;NA;NA;NA;NA;NA;NA;NA;NA;NA;NA;NA;NA;NA;NA;NA;NA;NA;NA;NA;NA;NA;NA;NA;NA;NA;NA;NA;NA;NA;NA;NA;NA;NA;NA;NA;NA;NA;NA;NA;NA;NA;NA;NA;NA;NA;NA;NA;NA;NA;NA;NA;NA;NA;NA;NA;NA;NA;NA;NA;NA
2000-01-30;NA;NA;NA;NA;NA;NA;NA;NA;NA;NA;NA;NA;NA;NA;NA;NA;NA;NA;NA;NA;NA;NA;NA;NA;NA;NA;NA;NA;NA;NA;NA;NA;NA;NA;NA;NA;NA;NA;NA;NA;NA;NA;NA;NA;NA;NA;NA;NA;NA;NA;NA;NA;NA;NA;NA;NA;NA;NA;NA;NA;NA;NA;NA;NA;NA;NA;NA;NA;NA;NA;NA;NA;NA;NA;NA;NA;NA;NA;NA;NA;NA;NA;NA;NA;NA;NA;NA;NA;NA;NA;NA;NA;NA;NA;NA;NA;NA;NA;NA;NA;NA;NA;NA;NA;NA;NA;NA;NA;NA;NA;NA;NA;NA;NA;NA;NA;NA;NA;NA;NA;NA;NA;NA;NA;NA;NA;NA
2000-01-31;43.063000;430.620000;22332.000000;NA;94.480000;320.010000;32.840000;150.090000;29414.590000;2239.750000;1722.000000;69.618000;66.510000;88.380000;43.760000;64.930000;102.670000;85.940000;400.460000;64.735000;NA;14229.874000;106.845000;1639.030000;NA;112.938000;3812.300000;631.540000;10591.110000;94.229000;NA;94.126500;91.894800;5093.500000;66.430000;78.030000;95.220000;56.250000;572.250000;59.830000;4331.980000;NA;NA;NA;NA;NA;NA;NA;NA;NA;67.953125;NA;586.130000;132.630000;44.830000;NA;209304.000000;26904.060000;95.140000;13980.000000;NA;1077.900000;169.580000;2073.830000;135.130000;69.150000;3144.937500;105.696000;1911.000000;17.400000;75.560000;65.864000;NA;NA;25.900000;1556.900000;1296.310000;NA;NA;6038.600000;2.819000;1061.000000;NA;NA;30.456000;1114.769000;1702884.890000;NA;20291.730000;5494.460000;282.190000;140.440000;NA;820.490000;506.500000;3.946973;NA;NA;NA;0.784480;125.819000;502.140000;282.000000;NA;8.680000;98.834000;11.421000;94.090000;23.420000;180.500000;14009.000000;2970.030000;442.940000;86.339844;57.515625;1.196570;55.906250;NA;NA;8916.687500;NA;97.257000;NA;NA;90.635200;90.146000;NA
2000-02-01;42.825000;435.920000;23359.000000;NA;94.480000;319.390000;32.640000;150.030000;29414.590000;2260.125000;1653.000000;69.659000;66.780000;88.590000;44.680000;66.240000;102.670000;86.530000;395.410000;64.480000;NA;14262.346000;106.641000;1657.450000;NA;113.269000;3904.100000;NA;10873.730000;94.229000;NA;94.141200;91.909400;5114.600000;66.840000;78.318000;95.331000;56.690000;NA;60.500000;4388.680000;NA;NA;NA;NA;NA;NA;NA;NA;NA;67.984375;NA;584.490000;131.610000;46.550000;NA;210477.000000;27457.970000;94.910000;13944.000000;NA;1073.200000;168.982000;2084.090000;130.360000;69.140000;3161.562500;106.524000;1804.000000;17.680000;76.160000;65.661000;NA;NA;25.720000;1558.850000;1285.750000;NA;NA;6138.900000;2.821700;1057.625000;NA;NA;30.320000;1130.264000;1716131.180000;NA;20354.130000;5663.280000;283.020000;142.120000;NA;833.780000;504.170000;3.987567;NA;NA;NA;0.787610;125.819000;499.280000;283.062500;NA;8.630000;99.079000;11.283000;93.870000;23.530000;181.530000;13991.000000;3060.640000;445.780000;86.382812;57.703125;1.201000;56.312500;NA;NA;8977.562500;NA;97.299000;NA;NA;90.630400;90.166000;NA
2000-02-02;43.259000;442.860000;23248.000000;NA;94.500000;320.010000;32.070000;149.290000;29414.590000;2247.375000;1659.000000;70.071000;66.920000;88.650000;43.620000;64.800000;102.250000;86.500000;394.790000;64.527000;NA;14213.437000;106.448000;1655.990000;NA;112.177000;4035.000000;625.420000;11087.620000;94.224000;NA;94.131400;91.958200;5100.000000;66.830000;78.288000;95.322000;56.780000;589.790000;60.450000;4403.630000;NA;NA;NA;NA;NA;NA;NA;NA;NA;67.984375;NA;589.200000;128.410000;45.550000;NA;214315.000000;27584.580000;94.200000;14095.000000;NA;1083.600000;168.331000;2095.290000;133.840000;69.190000;3161.562500;105.884000;1835.000000;17.370000;76.420000;66.010000;NA;NA;25.900000;1574.400000;1297.820000;NA;NA;6288.100000;2.833400;1052.687500;NA;NA;30.394000;1155.390000;1755870.070000;NA;20504.940000;5679.250000;285.920000;143.360000;NA;850.200000;518.970000;3.972579;NA;NA;NA;0.793470;123.863000;495.640000;281.687500;NA;8.800000;99.242000;11.256000;93.100000;23.580000;185.340000;14142.000000;3120.210000;458.030000;86.332031;57.781250;1.203830;56.687500;NA;NA;8951.437500;NA;97.030000;NA;NA;90.635200;90.020000;NA
2000-02-03;43.171000;456.250000;23373.000000;NA;94.550000;318.760000;31.610000;148.210000;29414.590000;2219.375000;1676.000000;69.971000;67.550000;89.060000;44.380000;65.920000;101.140000;86.750000;388.210000;64.356000;NA;14206.988000;105.552000;1680.560000;NA;112.773000;4153.800000;626.530000;11363.290000;94.263000;NA;94.185200;91.963100;5135.700000;67.210000;78.440000;95.378000;57.840000;602.890000;60.690000;4478.390000;NA;NA;NA;NA;NA;NA;NA;NA;NA;68.375000;NA;593.710000;128.960000;46.980000;NA;221673.000000;28625.130000;94.170000;14217.000000;NA;1088.300000;169.055000;2108.360000;134.740000;69.370000;3119.937500;106.562000;1845.000000;17.860000;78.220000;66.764000;NA;NA;26.260000;1586.060000;1305.370000;NA;NA;6472.000000;2.861600;1042.687500;NA;NA;30.659000;1113.513000;1769116.370000;NA;20723.360000;5920.330000;288.400000;144.510000;NA;870.170000;528.540000;3.995686;NA;NA;NA;0.810930;122.342000;489.910000;278.062500;NA;8.980000;100.858000;11.359000;93.120000;23.230000;183.950000;14264.000000;3201.950000;464.060000;86.449219;58.171875;1.221430;57.281250;NA;NA;8829.687500;NA;97.051000;NA;NA;90.713400;90.011000;NA
2000-02-04;43.178000;463.050000;22986.000000;NA;94.540000;318.760000;31.340000;147.640000;29414.590000;2237.187500;1657.000000;69.910000;67.010000;88.690000;45.630000;67.600000;101.000000;86.770000;388.140000;64.280000;NA;14079.385000;106.061000;1674.710000;NA;112.276000;4260.400000;NA;11428.150000;94.273000;NA;94.180300;91.963100;5002.000000;66.650000;78.076000;95.257000;56.910000;NA;60.300000;4487.740000;NA;NA;NA;NA;NA;NA;NA;NA;NA;68.171875;NA;641.020000;129.190000;47.510000;NA;228199.000000;29436.210000;94.440000;14224.000000;NA;1098.100000;169.706000;2107.430000;NA;NA;3158.812500;106.901000;1852.000000;18.130000;77.620000;67.025000;NA;NA;26.850000;1588.390000;1312.910000;NA;NA;6510.000000;2.878100;1049.312500;NA;NA;30.659000;1148.271000;1775003.610000;NA;20629.750000;5941.620000;287.570000;142.920000;NA;888.710000;533.780000;3.991939;NA;NA;NA;0.807670;120.821000;484.940000;280.562500;NA;9.270000;100.189000;11.969000;93.410000;23.660000;183.890000;14271.000000;3244.410000;484.560000;86.328125;57.937500;1.211950;57.062500;NA;NA;8942.750000;NA;97.113000;NA;NA;90.806200;90.117000;NA
2000-02-05;NA;NA;NA;NA;NA;NA;NA;NA;NA;NA;NA;NA;NA;NA;NA;NA;NA;NA;NA;NA;NA;NA;NA;NA;NA;NA;NA;NA;NA;NA;NA;NA;NA;NA;NA;NA;NA;NA;NA;NA;NA;NA;NA;NA;NA;NA;NA;NA;NA;NA;NA;NA;NA;NA;NA;NA;NA;NA;NA;NA;NA;NA;NA;NA;NA;NA;NA;NA;NA;NA;NA;NA;NA;NA;NA;NA;NA;NA;NA;NA;NA;NA;NA;NA;NA;NA;NA;NA;NA;NA;NA;NA;NA;NA;NA;NA;NA;NA;NA;NA;NA;NA;NA;NA;NA;NA;NA;NA;NA;NA;NA;NA;NA;NA;NA;NA;NA;NA;NA;NA;NA;NA;NA;NA;NA;NA;NA
2000-02-06;NA;NA;NA;NA;NA;NA;NA;NA;NA;NA;NA;NA;NA;NA;NA;NA;NA;NA;NA;NA;NA;NA;NA;NA;NA;NA;NA;NA;NA;NA;NA;NA;NA;NA;NA;NA;NA;NA;NA;NA;NA;NA;NA;NA;NA;NA;NA;NA;NA;NA;NA;NA;NA;NA;NA;NA;NA;NA;NA;NA;NA;NA;NA;NA;NA;NA;NA;NA;NA;NA;NA;NA;NA;NA;NA;NA;NA;NA;NA;NA;NA;NA;NA;NA;NA;NA;NA;NA;NA;NA;NA;NA;NA;NA;NA;NA;NA;NA;NA;NA;NA;NA;NA;NA;NA;NA;NA;NA;NA;NA;NA;NA;NA;NA;NA;NA;NA;NA;NA;NA;NA;NA;NA;NA;NA;NA;NA
2000-02-07;43.002000;458.440000;23559.000000;NA;94.570000;318.760000;31.630000;148.270000;29402.400000;2255.062500;1696.000000;69.659000;66.740000;88.580000;45.050000;66.770000;101.140000;86.570000;388.830000;64.264000;NA;14078.539000;106.407000;1669.740000;NA;112.243000;4195.600000;NA;11297.650000;94.258000;NA;94.160700;91.968000;4957.800000;66.480000;78.023000;95.220000;56.570000;NA;60.230000;4463.440000;NA;NA;NA;NA;NA;NA;NA;NA;NA;67.914062;NA;623.610000;129.110000;45.720000;NA;230118.000000;30682.500000;94.150000;14303.000000;NA;1112.000000;167.317000;2085.030000;138.230000;69.500000;3181.000000;107.381000;1856.000000;18.010000;78.140000;66.706000;NA;NA;26.770000;1581.010000;1291.790000;NA;NA;6417.800000;2.884900;1056.000000;NA;NA;30.536000;1072.892000;1767644.560000;NA;20686.950000;6018.430000;287.160000;143.450000;NA;915.620000;527.990000;3.968831;NA;NA;NA;0.802330;121.473000;485.510000;281.125000;NA;9.060000;99.944000;11.352000;93.130000;23.580000;NA;14340.000000;3205.120000;478.880000;86.222656;57.515625;1.209000;56.625000;NA;NA;9003.625000;NA;97.102000;NA;NA;90.713400;90.059000;NA
2000-02-08;42.934000;469.100000;23693.000000;NA;94.590000;318.130000;31.220000;149.620000;30191.460000;2252.500000;1661.000000;69.618000;66.950000;88.710000;44.370000;65.800000;101.140000;86.720000;382.740000;64.116000;NA;14026.492000;105.980000;1691.960000;NA;111.482000;4267.800000;619.850000;11647.440000;94.278000;NA;94.180300;91.972800;5109.700000;66.770000;78.189000;95.266000;57.200000;610.050000;60.420000;4451.600000;NA;NA;NA;NA;NA;NA;NA;NA;NA;67.953125;NA;617.880000;128.020000;43.930000;NA;238474.000000;30757.670000;93.620000;14246.000000;NA;1096.200000;166.430000;2026.230000;136.990000;69.560000;3186.500000;106.384000;1845.000000;17.660000;76.420000;65.719000;NA;NA;26.430000;1570.900000;1272.170000;NA;NA;6615.700000;2.891800;1057.625000;NA;NA;30.382000;1044.834000;1770588.180000;NA;20837.760000;6228.320000;290.880000;147.770000;NA;981.470000;554.930000;3.970705;NA;NA;NA;0.799460;123.646000;481.120000;277.687500;NA;8.850000;100.450000;11.470000;92.570000;23.340000;182.070000;14286.000000;3290.030000;484.470000;86.238281;57.718750;1.215770;57.312500;NA;NA;9021.062500;NA;97.154000;NA;NA;90.669400;90.078000;NA
2000-02-09;43.049000;467.910000;23873.000000;NA;94.600000;318.130000;31.280000;149.940000;30191.460000;2265.187500;1698.000000;69.779000;66.780000;88.650000;45.550000;67.430000;100.860000;86.640000;386.200000;64.078000;NA;14046.273000;105.481000;1659.210000;NA;110.424000;4260.400000;605.920000;11828.130000;94.273000;NA;94.185200;91.972800;5134.500000;66.670000;78.030000;95.201000;57.400000;621.040000;60.260000;4399.890000;NA;NA;NA;NA;NA;NA;NA;NA;NA;67.929688;NA;632.010000;128.330000;44.990000;NA;234081.000000;30148.380000;93.870000;14332.000000;NA;1105.700000;166.683000;2010.360000;139.120000;69.550000;3253.062500;105.794000;1863.000000;18.030000;76.160000;64.559000;NA;NA;26.280000;1574.790000;1275.190000;NA;NA;6696.700000;2.891800;1069.312500;NA;NA;30.412000;1063.679000;1779419.040000;NA;20660.950000;6048.090000;288.190000;146.450000;NA;998.990000;589.550000;3.945724;NA;NA;NA;0.802980;123.428000;483.790000;279.625000;NA;8.790000;100.972000;11.664000;92.780000;23.620000;178.320000;14365.000000;3276.720000;483.760000;86.250000;57.406250;1.223640;56.750000;NA;NA;9238.562500;NA;97.237000;NA;NA;90.737800;90.175000;NA
2000-02-10;42.778000;464.870000;23492.000000;NA;94.600000;317.500000;31.630000;149.440000;30770.310000;2295.750000;1681.000000;69.588000;66.460000;88.570000;46.600000;68.690000;101.420000;86.420000;398.250000;63.683000;NA;14027.449000;105.908000;1660.380000;NA;110.192000;4203.400000;603.140000;11846.670000;94.278000;NA;94.185200;91.968000;5093.100000;66.310000;77.977000;95.201000;56.800000;616.840000;60.090000;4367.490000;NA;NA;NA;NA;NA;NA;NA;NA;NA;67.882812;NA;652.690000;132.630000;44.900000;NA;235709.000000;31256.190000;93.990000;14188.000000;NA;1090.200000;166.991000;2029.960000;138.790000;69.550000;3341.812500;105.240000;1859.000000;18.410000;75.370000;64.182000;NA;NA;26.410000;1576.730000;1272.170000;NA;NA;6738.900000;2.889100;1093.437500;NA;NA;30.351000;1085.455000;1788249.910000;NA;20562.140000;6254.180000;289.430000;147.330000;NA;981.810000;576.520000;3.948847;NA;NA;NA;0.800640;123.863000;489.720000;284.750000;NA;8.840000;100.483000;11.653000;92.940000;24.290000;177.050000;14192.000000;3280.530000;488.860000;86.265625;57.171875;1.216020;56.281250;NA;NA;9456.000000;NA;97.257000;NA;NA;90.776900;90.243000;NA
2000-02-11;42.880000;463.620000;23085.000000;NA;94.600000;317.500000;30.940000;148.060000;30770.310000;2257.562500;1644.000000;69.447000;66.750000;88.790000;46.610000;69.010000;101.700000;86.370000;394.300000;63.553000;NA;14054.586000;105.980000;1634.050000;NA;110.523000;4224.600000;592.560000;11906.890000;94.273000;NA;94.180300;91.968000;5035.200000;66.280000;77.947000;95.183000;56.600000;617.340000;60.280000;4358.770000;NA;NA;NA;NA;NA;NA;NA;NA;NA;68.007812;NA;642.250000;131.920000;44.770000;NA;228401.000000;30880.330000;NA;NA;NA;NA;167.045000;2030.900000;136.540000;69.630000;3311.312500;104.834000;1856.000000;18.640000;76.160000;64.066000;NA;NA;26.400000;1554.960000;1267.640000;NA;NA;6952.400000;2.893200;1079.312500;NA;NA;30.351000;1076.242000;1789721.720000;NA;20385.330000;6072.420000;293.780000;154.220000;NA;1013.720000;585.990000;3.939479;NA;NA;NA;0.808720;123.211000;485.130000;280.437500;NA;8.790000;100.646000;11.492000;NA;23.880000;175.780000;14243.000000;3336.290000;480.210000;86.320312;57.281250;1.216880;56.593750;NA;NA;9377.750000;NA;97.226000;NA;NA;90.713400;90.175000;NA
2000-02-12;NA;NA;NA;NA;NA;NA;NA;NA;NA;NA;NA;NA;NA;NA;NA;NA;NA;NA;NA;NA;NA;NA;NA;NA;NA;NA;NA;NA;NA;NA;NA;NA;NA;NA;NA;NA;NA;NA;NA;NA;NA;NA;NA;NA;NA;NA;NA;NA;NA;NA;NA;NA;NA;NA;NA;NA;NA;NA;NA;NA;NA;NA;NA;NA;NA;NA;NA;NA;NA;NA;NA;NA;NA;NA;NA;NA;NA;NA;NA;NA;NA;NA;NA;NA;NA;NA;NA;NA;NA;NA;NA;NA;NA;NA;NA;NA;NA;NA;NA;NA;NA;NA;NA;NA;NA;NA;NA;NA;NA;NA;NA;NA;NA;NA;NA;NA;NA;NA;NA;NA;NA;NA;NA;NA;NA;NA;NA
2000-02-13;NA;NA;NA;NA;NA;NA;NA;NA;NA;NA;NA;NA;NA;NA;NA;NA;NA;NA;NA;NA;NA;NA;NA;NA;NA;NA;NA;NA;NA;NA;NA;NA;NA;NA;NA;NA;NA;NA;NA;NA;NA;NA;NA;NA;NA;NA;NA;NA;NA;NA;NA;NA;NA;NA;NA;NA;NA;NA;NA;NA;NA;NA;NA;NA;NA;NA;NA;NA;NA;NA;NA;NA;NA;NA;NA;NA;NA;NA;NA;NA;NA;NA;NA;NA;NA;NA;NA;NA;NA;NA;NA;NA;NA;NA;NA;NA;NA;NA;NA;NA;NA;NA;NA;NA;NA;NA;NA;NA;NA;NA;NA;NA;NA;NA;NA;NA;NA;NA;NA;NA;NA;NA;NA;NA;NA;NA;NA
2000-02-14;42.534000;459.770000;22754.000000;NA;94.620000;314.990000;30.880000;147.510000;30953.100000;2262.687500;1605.000000;69.135000;67.060000;88.920000;47.900000;71.100000;101.420000;86.610000;396.310000;63.891000;NA;14079.598000;106.499000;1636.390000;NA;110.126000;4243.500000;574.740000;11811.150000;94.278000;NA;94.185200;91.968000;4895.800000;66.600000;78.121000;95.266000;57.060000;616.470000;60.590000;4327.000000;NA;NA;NA;NA;NA;NA;NA;NA;NA;68.210938;NA;636.920000;131.770000;45.650000;NA;224135.000000;30603.370000;94.210000;14116.000000;NA;1088.300000;167.136000;1959.960000;131.090000;69.960000;3319.625000;104.244000;1828.000000;19.160000;77.030000;61.908000;NA;NA;25.940000;1545.240000;1258.590000;NA;NA;6948.200000;2.897300;1078.437500;NA;NA;30.042000;1064.098000;1822101.550000;NA;20452.940000;6089.150000;291.710000;152.630000;NA;1024.980000;575.740000;3.940106;NA;NA;NA;0.806890;122.559000;485.130000;280.312500;NA;8.340000;99.879000;11.320000;93.160000;23.920000;177.900000;14145.000000;3264.050000;489.350000;86.421875;57.656250;1.209740;57.062500;NA;NA;9351.625000;NA;97.237000;NA;NA;90.713400;90.195000;NA
2000-02-15;42.649000;457.590000;22498.000000;NA;94.580000;314.370000;30.640000;148.190000;31227.290000;2262.687500;1625.000000;69.165000;66.860000;88.740000;47.600000;70.930000;101.700000;86.250000;385.790000;63.968000;NA;14120.470000;106.478000;1649.550000;NA;109.663000;4126.800000;567.500000;11484.520000;94.278000;NA;94.185200;91.968000;4862.200000;66.430000;78.030000;95.238000;56.890000;608.940000;60.530000;4255.350000;NA;NA;NA;NA;NA;NA;NA;NA;NA;68.093750;NA;622.790000;129.110000;45.350000;NA;226121.000000;30555.890000;94.410000;13909.000000;NA;1063.700000;166.611000;1974.900000;125.300000;70.060000;3289.125000;104.244000;1842.000000;19.160000;76.940000;60.425000;NA;NA;25.780000;1533.580000;1248.020000;NA;NA;6801.500000;2.909700;1078.437500;NA;NA;30.042000;1096.343000;1879502.160000;NA;20208.520000;6139.340000;289.640000;152.990000;NA;1114.440000;587.660000;3.935718;NA;NA;NA;0.803110;120.169000;479.200000;282.375000;NA;8.210000;99.960000;11.294000;93.420000;24.190000;173.430000;13951.000000;3196.250000;491.570000;86.382812;57.531250;1.209620;56.843750;NA;NA;9255.937500;NA;97.237000;NA;NA;90.786600;90.233000;NA
2000-02-16;42.859000;463.820000;22172.000000;NA;94.590000;314.990000;30.960000;149.270000;31501.480000;2270.312500;1656.000000;69.276000;66.780000;88.690000;47.580000;71.270000;101.970000;85.990000;383.440000;64.085000;NA;14085.960000;106.000000;1629.370000;NA;109.861000;4099.100000;578.640000;11623.510000;94.273000;NA;94.180300;91.968000;4995.900000;66.320000;78.023000;95.220000;56.740000;619.440000;60.070000;4330.730000;NA;NA;NA;NA;NA;NA;NA;NA;NA;68.093750;NA;624.630000;129.270000;45.960000;NA;229114.000000;30662.720000;94.470000;14124.000000;NA;1072.200000;166.140000;1959.030000;129.230000;70.100000;3280.812500;104.613000;1835.000000;19.330000;78.260000;61.855000;NA;NA;25.630000;1508.310000;1237.460000;NA;NA;6843.100000;2.909700;1076.812500;NA;NA;30.320000;1073.729000;1989887.960000;NA;20421.740000;6115.010000;290.460000;150.950000;NA;1203.820000;603.800000;3.952642;NA;NA;NA;0.801550;117.887000;483.030000;281.687500;NA;7.920000;100.646000;11.395000;93.440000;23.980000;175.600000;14199.000000;3234.270000;496.980000;86.386719;57.515625;1.216020;56.812500;NA;NA;9229.812500;NA;97.206000;NA;NA;90.752500;90.175000;NA
2000-02-17;42.900000;467.660000;22719.000000;NA;94.580000;314.370000;30.680000;149.380000;30831.240000;2252.500000;1675.000000;69.387000;66.840000;88.690000;46.650000;69.370000;101.970000;85.930000;383.920000;64.164000;NA;14063.579000;106.081000;1620.890000;NA;110.457000;4177.400000;554.130000;11794.160000;94.254000;NA;94.160700;91.968000;5040.000000;66.350000;77.954000;95.155000;56.910000;634.010000;60.250000;4387.430000;NA;NA;NA;NA;NA;NA;NA;NA;NA;67.960938;NA;622.180000;130.520000;45.270000;NA;227311.000000;30385.770000;94.080000;14181.000000;NA;1080.800000;164.294000;1968.140000;127.320000;70.040000;3253.062500;104.982000;1859.000000;18.830000;77.210000;61.531000;NA;NA;25.720000;1506.370000;1217.840000;NA;NA;6903.100000;2.911700;1071.812500;NA;NA;30.474000;1116.863000;2019324.170000;NA;20593.350000;6245.810000;287.990000;151.480000;NA;1194.340000;589.320000;3.965178;NA;NA;NA;0.802460;117.344000;481.120000;282.000000;NA;8.120000;100.793000;11.309000;93.040000;24.260000;176.210000;14232.000000;3250.110000;496.980000;86.300781;57.390625;1.218230;57.093750;NA;NA;9134.125000;NA;97.226000;NA;NA;90.781800;90.185000;NA
2000-02-18;42.615000;464.470000;22664.000000;NA;94.590000;313.740000;31.080000;148.550000;30831.240000;2244.875000;1687.000000;69.487000;67.240000;89.020000;46.730000;69.130000;102.810000;86.000000;395.130000;64.397000;NA;14100.121000;106.387000;1583.160000;NA;109.961000;4107.200000;567.500000;11730.840000;94.185000;NA;94.102100;91.972800;4981.700000;66.530000;78.038000;95.127000;57.340000;631.790000;60.470000;4380.580000;NA;NA;NA;NA;NA;NA;NA;NA;NA;68.148438;NA;629.350000;129.890000;45.500000;NA;222626.000000;29535.120000;94.490000;14224.000000;NA;1083.300000;163.715000;1933.530000;126.430000;69.940000;3269.750000;104.650000;1866.000000;18.520000;76.940000;61.720000;NA;NA;25.600000;1506.370000;1199.730000;NA;NA;6915.100000;2.914500;1074.312500;NA;NA;30.351000;1102.625000;2013436.930000;NA;20416.540000;6035.160000;288.820000;150.070000;NA;1187.060000;560.160000;3.956403;NA;NA;NA;0.803760;117.996000;484.560000;285.562500;NA;8.050000;100.401000;11.348000;93.480000;24.520000;171.850000;14260.000000;3244.410000;487.040000;86.367188;57.703125;1.213430;57.531250;NA;NA;9212.437500;NA;97.247000;NA;NA;90.776900;90.156000;NA
2000-02-19;NA;NA;NA;NA;NA;NA;NA;NA;NA;NA;NA;NA;NA;NA;NA;NA;NA;NA;NA;NA;NA;NA;NA;NA;NA;NA;NA;NA;NA;NA;NA;NA;NA;NA;NA;NA;NA;NA;NA;NA;NA;NA;NA;NA;NA;NA;NA;NA;NA;NA;NA;NA;NA;NA;NA;NA;NA;NA;NA;NA;NA;NA;NA;NA;NA;NA;NA;NA;NA;NA;NA;NA;NA;NA;NA;NA;NA;NA;NA;NA;NA;NA;NA;NA;NA;NA;NA;NA;NA;NA;NA;NA;NA;NA;NA;NA;NA;NA;NA;NA;NA;NA;NA;NA;NA;NA;NA;NA;NA;NA;NA;NA;NA;NA;NA;NA;NA;NA;NA;NA;NA;NA;NA;NA;NA;NA;NA
2000-02-20;NA;NA;NA;NA;NA;NA;NA;NA;NA;NA;NA;NA;NA;NA;NA;NA;NA;NA;NA;NA;NA;NA;NA;NA;NA;NA;NA;NA;NA;NA;NA;NA;NA;NA;NA;NA;NA;NA;NA;NA;NA;NA;NA;NA;NA;NA;NA;NA;NA;NA;NA;NA;NA;NA;NA;NA;NA;NA;NA;NA;NA;NA;NA;NA;NA;NA;NA;NA;NA;NA;NA;NA;NA;NA;NA;NA;NA;NA;NA;NA;NA;NA;NA;NA;NA;NA;NA;NA;NA;NA;NA;NA;NA;NA;NA;NA;NA;NA;NA;NA;NA;NA;NA;NA;NA;NA;NA;NA;NA;NA;NA;NA;NA;NA;NA;NA;NA;NA;NA;NA;NA;NA;NA;NA;NA;NA;NA
2000-02-21;42.486000;454.190000;22073.000000;NA;94.600000;314.370000;NA;148.560000;30831.240000;NA;NA;69.336000;67.550000;89.240000;NA;NA;102.950000;86.190000;395.130000;64.669000;NA;14106.593000;106.397000;NA;NA;NA;4036.700000;581.980000;11686.050000;94.180000;NA;94.092300;NA;4913.600000;66.710000;78.144000;95.127000;57.500000;627.960000;60.840000;4349.420000;NA;NA;NA;NA;NA;NA;NA;NA;NA;NA;NA;NA;NA;NA;NA;225471.000000;29396.650000;94.610000;14038.000000;NA;1057.100000;163.316000;NA;120.640000;69.960000;NA;NA;1845.000000;18.310000;75.450000;NA;NA;NA;25.600000;1516.090000;1205.770000;NA;NA;6844.000000;NA;NA;NA;NA;NA;NA;2023739.600000;NA;NA;6032.880000;285.530000;150.070000;NA;NA;NA;NA;NA;NA;NA;NA;NA;489.720000;NA;NA;NA;100.678000;NA;93.540000;NA;165.320000;14088.000000;3203.220000;478.260000;NA;NA;1.215890;NA;NA;NA;NA;NA;97.309000;NA;NA;91.021100;90.311000;NA
2000-02-22;42.364000;454.000000;21512.000000;NA;94.630000;314.990000;31.340000;149.750000;30922.640000;2232.125000;1646.000000;68.833000;68.320000;89.620000;46.900000;70.270000;103.090000;86.260000;404.520000;64.607000;NA;14160.031000;104.952000;1578.190000;NA;108.902000;4032.600000;580.310000;11782.570000;94.210000;NA;94.111900;91.977700;4873.900000;67.180000;78.485000;95.276000;58.110000;622.900000;61.290000;4395.530000;NA;NA;NA;NA;NA;NA;NA;NA;NA;68.539062;NA;630.160000;129.190000;45.150000;NA;221903.000000;29107.820000;94.220000;13944.000000;NA;1036.900000;164.022000;1900.740000;121.260000;70.030000;3253.062500;103.137000;1835.000000;18.770000;74.580000;62.178000;NA;NA;25.800000;1516.480000;1210.300000;NA;NA;6718.500000;2.892500;1071.000000;NA;NA;30.351000;1053.210000;2072309.360000;NA;20348.930000;6034.400000;287.580000;152.540000;NA;1382.660000;566.950000;3.966432;NA;NA;NA;0.813540;117.126000;492.010000;284.750000;NA;8.230000;102.213000;11.369000;93.180000;24.380000;165.990000;13998.000000;3212.090000;477.900000;86.574219;58.328125;1.238160;58.125000;NA;NA;9125.437500;NA;97.309000;NA;NA;91.040600;90.369000;NA
2000-02-23;42.093000;456.560000;21803.000000;NA;94.600000;315.620000;30.900000;148.900000;30816.010000;2191.375000;1669.000000;68.903000;67.910000;89.290000;47.660000;70.750000;102.110000;85.850000;401.080000;64.496000;NA;14121.166000;105.287000;1597.200000;NA;109.299000;4068.100000;578.080000;11909.210000;94.190000;NA;94.097200;91.977700;4987.800000;67.030000;78.417000;95.266000;57.810000;621.660000;61.190000;4437.900000;NA;NA;NA;NA;NA;NA;NA;NA;NA;68.289062;NA;619.310000;130.990000;45.910000;NA;225864.000000;30017.810000;94.290000;13995.000000;NA;1052.000000;163.117000;1908.030000;124.960000;69.890000;3175.437500;103.838000;1838.000000;19.110000;76.160000;60.614000;NA;NA;25.770000;1510.260000;1198.220000;NA;NA;6870.200000;2.911000;1046.812500;NA;NA;30.061000;1059.491000;2042873.140000;NA;20484.140000;6369.010000;291.290000;153.160000;NA;1218.800000;525.320000;3.958910;NA;NA;NA;0.816400;115.714000;481.880000;277.375000;NA;8.240000;101.756000;11.305000;93.240000;23.550000;169.620000;14030.000000;3234.900000;483.580000;86.410156;57.984375;1.235460;57.718750;NA;NA;8864.437500;NA;97.288000;NA;NA;91.069900;90.388000;NA
2000-02-24;41.754000;456.780000;21724.000000;NA;94.680000;314.990000;31.180000;148.730000;30816.010000;2201.562500;1638.000000;69.236000;68.460000;NA;48.600000;71.360000;102.110000;85.810000;398.970000;64.558000;NA;14072.256000;105.847000;1585.500000;NA;109.729000;4103.800000;595.900000;11798.790000;94.249000;NA;94.146100;91.977700;4923.300000;67.320000;78.614000;95.406000;58.050000;621.910000;61.650000;4399.890000;NA;NA;NA;NA;NA;NA;NA;NA;NA;68.609375;NA;616.240000;130.210000;47.050000;NA;222675.000000;29776.470000;93.950000;14081.000000;NA;1069.100000;163.425000;1878.880000;123.050000;69.920000;3172.687500;104.761000;1845.000000;19.330000;76.770000;61.531000;NA;NA;25.850000;1519.970000;1193.700000;NA;NA;6898.000000;2.908300;1050.187500;NA;NA;30.073000;1067.448000;2060534.870000;NA;20286.530000;6528.710000;293.140000;153.870000;NA;1180.540000;520.970000;3.949508;NA;NA;NA;0.810280;117.126000;485.130000;280.000000;NA;8.200000;101.021000;11.105000;92.920000;23.810000;168.290000;14131.000000;3228.570000;476.220000;86.605469;58.375000;1.224750;57.906250;NA;NA;8864.437500;NA;97.309000;NA;NA;91.104100;90.417000;NA
2000-02-25;41.741000;461.910000;21498.000000;NA;94.680000;314.370000;30.450000;148.040000;30816.010000;2171.062500;1571.000000;69.497000;68.460000;NA;49.220000;72.240000;103.090000;85.660000;389.380000;64.363000;NA;14025.370000;107.170000;1565.320000;NA;110.192000;4175.400000;590.890000;12023.490000;94.244000;NA;94.131400;91.982600;5037.600000;66.850000;78.318000;95.303000;57.210000;619.440000;61.700000;4350.050000;NA;NA;NA;NA;NA;NA;NA;NA;NA;68.695312;NA;603.340000;127.240000;49.980000;NA;223693.000000;29416.430000;94.010000;14202.000000;NA;1091.500000;164.728000;1809.670000;123.110000;70.020000;3072.812500;105.277000;1773.000000;19.410000;79.570000;62.178000;NA;NA;25.630000;1547.190000;1213.310000;NA;NA;7061.400000;2.915900;1034.375000;NA;NA;30.073000;1090.061000;2098801.950000;NA;20432.140000;6373.570000;292.730000;157.050000;NA;1166.320000;503.270000;3.982102;NA;NA;NA;0.797510;115.605000;479.780000;275.875000;NA;7.910000;99.030000;10.826000;92.950000;23.460000;169.500000;14250.000000;3321.080000;467.570000;86.730469;58.375000;1.199900;57.562500;NA;NA;8629.562500;NA;97.351000;NA;NA;91.284800;90.591000;NA
2000-02-26;NA;NA;NA;NA;NA;NA;NA;NA;NA;NA;NA;NA;NA;NA;NA;NA;NA;NA;NA;NA;NA;NA;NA;NA;NA;NA;NA;NA;NA;NA;NA;NA;NA;NA;NA;NA;NA;NA;NA;NA;NA;NA;NA;NA;NA;NA;NA;NA;NA;NA;NA;NA;NA;NA;NA;NA;NA;NA;NA;NA;NA;NA;NA;NA;NA;NA;NA;NA;NA;NA;NA;NA;NA;NA;NA;NA;NA;NA;NA;NA;NA;NA;NA;NA;NA;NA;NA;NA;NA;NA;NA;NA;NA;NA;NA;NA;NA;NA;NA;NA;NA;NA;NA;NA;NA;NA;NA;NA;NA;NA;NA;NA;NA;NA;NA;NA;NA;NA;NA;NA;NA;NA;NA;NA;NA;NA;NA
2000-02-27;NA;NA;NA;NA;NA;NA;NA;NA;NA;NA;NA;NA;NA;NA;NA;NA;NA;NA;NA;NA;NA;NA;NA;NA;NA;NA;NA;NA;NA;NA;NA;NA;NA;NA;NA;NA;NA;NA;NA;NA;NA;NA;NA;NA;NA;NA;NA;NA;NA;NA;NA;NA;NA;NA;NA;NA;NA;NA;NA;NA;NA;NA;NA;NA;NA;NA;NA;NA;NA;NA;NA;NA;NA;NA;NA;NA;NA;NA;NA;NA;NA;NA;NA;NA;NA;NA;NA;NA;NA;NA;NA;NA;NA;NA;NA;NA;NA;NA;NA;NA;NA;NA;NA;NA;NA;NA;NA;NA;NA;NA;NA;NA;NA;NA;NA;NA;NA;NA;NA;NA;NA;NA;NA;NA;NA;NA;NA
2000-02-28;41.598000;457.600000;21038.000000;NA;94.650000;314.990000;30.370000;148.100000;30313.320000;2163.687500;1584.000000;69.457000;68.180000;NA;48.860000;71.840000;103.370000;85.430000;394.070000;64.380000;NA;14053.773000;107.170000;1576.730000;NA;110.457000;4123.500000;571.950000;11721.570000;94.224000;NA;94.131400;91.982600;4930.600000;66.850000;78.387000;95.322000;57.210000;608.560000;61.580000;4312.040000;NA;NA;NA;NA;NA;NA;NA;NA;NA;68.453125;NA;602.520000;122.090000;49.250000;NA;220873.000000;29440.170000;94.410000;14174.000000;NA;1094.300000;166.050000;1859.760000;115.690000;70.090000;3043.562500;105.499000;1759.000000;19.360000;79.390000;62.933000;NA;NA;25.550000;1547.190000;1213.310000;NA;NA;6976.100000;2.917200;1021.500000;NA;NA;29.857000;1118.802000;2098801.950000;NA;20546.540000;6324.140000;290.670000;153.960000;NA;1220.830000;517.750000;3.931330;NA;NA;NA;0.795160;114.680000;475.380000;276.250000;NA;7.520000;98.851000;10.873000;93.370000;23.560000;165.930000;14235.000000;3247.580000;470.630000;86.585938;58.062500;1.196820;57.218750;NA;NA;8546.375000;NA;97.319000;NA;NA;91.206700;90.562000;NA
2000-02-29;41.958000;466.780000;20916.000000;NA;94.620000;314.990000;30.700000;146.730000;30435.190000;2195.562500;1611.000000;69.437000;68.180000;NA;49.350000;72.850000;103.650000;85.560000;387.060000;64.138000;NA;13971.713000;107.771000;1605.100000;NA;109.928000;4181.400000;573.060000;11872.920000;94.219000;NA;94.126500;91.982600;5065.200000;66.870000;78.379000;95.303000;57.330000;608.440000;61.170000;4315.780000;NA;NA;NA;NA;NA;NA;NA;NA;NA;68.421875;NA;602.520000;122.700000;49.730000;NA;222209.000000;29535.120000;94.130000;14303.000000;NA;1091.200000;164.728000;1828.790000;116.420000;70.090000;3062.187500;105.056000;1809.000000;19.840000;80.530000;62.636000;NA;NA;25.750000;1583.810000;1246.250000;NA;NA;7004.800000;2.920700;1030.312500;NA;NA;30.227000;1150.042000;2024864.970000;NA;20858.560000;6541.640000;290.670000;147.950000;NA;1206.050000;525.090000;3.952642;NA;NA;NA;0.798030;113.960000;476.880000;278.875000;NA;7.690000;98.361000;10.868000;93.130000;23.660000;168.290000;14368.000000;3301.440000;464.510000;86.546875;58.125000;1.190050;57.593750;NA;NA;8621.250000;NA;97.319000;NA;NA;91.167600;90.533000;NA
2000-03-01;40.975000;467.050000;21256.000000;NA;94.650000;316.880000;30.720000;147.380000;30435.190000;2185.750000;1631.000000;69.548000;68.410000;NA;51.520000;75.780000;104.200000;85.740000;406.770000;64.006000;NA;13939.745000;106.763000;1620.310000;NA;110.887000;4203.300000;576.930000;11933.150000;94.224000;NA;94.136300;91.982600;5144.600000;66.930000;78.402000;95.322000;57.420000;599.280000;61.310000;4323.880000;NA;NA;NA;NA;NA;NA;NA;NA;NA;68.500000;NA;600.670000;123.470000;51.820000;NA;224184.000000;30425.330000;94.300000;14375.000000;NA;1089.900000;169.362000;1856.120000;NA;NA;3059.500000;106.237000;1828.000000;20.520000;81.840000;62.556000;NA;NA;25.920000;1586.090000;1258.380000;NA;NA;7022.700000;2.926800;1032.750000;NA;NA;30.227000;1172.535000;2014782.650000;NA;20848.160000;6578.900000;298.690000;150.100000;NA;1160.020000;520.080000;3.946374;NA;NA;NA;0.801030;116.222000;475.190000;276.250000;NA;7.830000;99.079000;10.922000;93.300000;23.490000;166.350000;14437.000000;3326.780000;477.110000;86.574219;58.234375;1.199770;57.500000;NA;NA;8646.250000;NA;97.361000;NA;NA;91.289700;90.650000;NA
2000-03-02;41.185000;469.080000;20887.000000;NA;94.650000;318.130000;30.950000;146.500000;30465.650000;2195.562500;1700.000000;69.145000;68.270000;NA;51.390000;75.950000;104.480000;85.590000;401.280000;63.870000;NA;13880.072000;107.557000;1620.310000;NA;111.449000;4340.300000;578.580000;12285.260000;94.254000;NA;94.165600;91.982600;5215.500000;66.850000;78.333000;95.294000;57.490000;581.560000;61.170000;4400.510000;NA;NA;NA;NA;NA;NA;NA;NA;NA;68.406250;NA;593.300000;122.550000;51.690000;NA;225717.000000;31889.230000;94.380000;14382.000000;NA;1084.900000;168.349000;1928.060000;127.100000;70.070000;3040.937500;107.048000;1954.000000;20.630000;83.330000;62.852000;NA;NA;25.850000;1565.500000;1230.650000;NA;NA;7077.000000;2.940600;1029.500000;NA;NA;30.135000;1159.206000;1969412.230000;NA;20775.360000;6426.040000;298.690000;151.900000;NA;1119.250000;503.720000;3.930077;NA;NA;NA;0.799070;116.428000;474.820000;278.625000;NA;7.650000;98.279000;10.773000;93.420000;23.750000;165.570000;14408.000000;3437.680000;483.140000;86.550781;58.171875;1.189810;57.687500;NA;NA;8596.312500;NA;97.371000;NA;NA;91.245700;90.630000;NA
2000-03-03;41.280000;477.460000;20902.000000;NA;94.670000;318.130000;31.760000;146.760000;30617.980000;2210.250000;1749.000000;69.296000;68.420000;NA;51.100000;75.800000;105.600000;85.680000;403.800000;63.638000;NA;13778.412000;107.883000;1650.430000;NA;111.648000;4397.900000;587.980000;12309.200000;94.244000;NA;94.151000;91.982600;5243.500000;67.040000;78.409000;95.294000;57.700000;590.730000;61.530000;4386.180000;NA;NA;NA;NA;NA;NA;NA;NA;NA;68.460938;NA;594.530000;123.470000;51.320000;NA;233553.000000;32561.830000;94.360000;14296.000000;NA;1071.000000;168.077000;1919.870000;125.860000;70.020000;3048.875000;107.713000;1989.000000;20.470000;83.330000;64.012000;NA;NA;25.910000;1542.610000;1213.310000;NA;NA;7108.800000;2.940600;1032.750000;NA;NA;30.135000;1176.700000;1957649.530000;NA;20962.570000;6775.100000;302.810000;149.920000;NA;1104.130000;515.970000;3.879932;NA;NA;NA;0.793600;115.811000;477.250000;279.937500;NA;7.790000;97.725000;10.964000;93.370000;23.700000;166.470000;14340.000000;3463.020000;483.940000;86.605469;58.296875;1.183780;57.937500;NA;NA;8596.312500;NA;97.382000;NA;NA;91.182200;90.591000;NA
2000-03-04;NA;NA;NA;NA;NA;NA;NA;NA;NA;NA;NA;NA;NA;NA;NA;NA;NA;NA;NA;NA;NA;NA;NA;NA;NA;NA;NA;NA;NA;NA;NA;NA;NA;NA;NA;NA;NA;NA;NA;NA;NA;NA;NA;NA;NA;NA;NA;NA;NA;NA;NA;NA;NA;NA;NA;NA;NA;NA;NA;NA;NA;NA;NA;NA;NA;NA;NA;NA;NA;NA;NA;NA;NA;NA;NA;NA;NA;NA;NA;NA;NA;NA;NA;NA;NA;NA;NA;NA;NA;NA;NA;NA;NA;NA;NA;NA;NA;NA;NA;NA;NA;NA;NA;NA;NA;NA;NA;NA;NA;NA;NA;NA;NA;NA;NA;NA;NA;NA;NA;NA;NA;NA;NA;NA;NA;NA;NA
2000-03-05;NA;NA;NA;NA;NA;NA;NA;NA;NA;NA;NA;NA;NA;NA;NA;NA;NA;NA;NA;NA;NA;NA;NA;NA;NA;NA;NA;NA;NA;NA;NA;NA;NA;NA;NA;NA;NA;NA;NA;NA;NA;NA;NA;NA;NA;NA;NA;NA;NA;NA;NA;NA;NA;NA;NA;NA;NA;NA;NA;NA;NA;NA;NA;NA;NA;NA;NA;NA;NA;NA;NA;NA;NA;NA;NA;NA;NA;NA;NA;NA;NA;NA;NA;NA;NA;NA;NA;NA;NA;NA;NA;NA;NA;NA;NA;NA;NA;NA;NA;NA;NA;NA;NA;NA;NA;NA;NA;NA;NA;NA;NA;NA;NA;NA;NA;NA;NA;NA;NA;NA;NA;NA;NA;NA;NA;NA;NA
2000-03-06;40.819000;474.620000;21155.000000;NA;94.640000;318.760000;32.020000;146.260000;31151.130000;2242.125000;1743.000000;69.326000;68.110000;NA;52.190000;77.170000;105.870000;85.650000;405.510000;NA;NA;NA;108.097000;1632.010000;NA;111.482000;4418.400000;595.710000;12322.320000;94.239000;NA;94.141200;91.977700;5322.100000;67.130000;78.432000;95.313000;57.690000;577.410000;61.800000;4412.350000;NA;NA;NA;NA;NA;NA;NA;NA;NA;68.343750;NA;592.690000;123.700000;51.680000;NA;NA;31861.530000;94.570000;14210.000000;NA;1047.900000;168.530000;1945.370000;127.720000;69.970000;3064.875000;107.528000;1992.000000;20.920000;84.380000;64.874000;NA;NA;25.850000;1528.880000;1216.780000;NA;NA;7138.300000;2.941300;1038.375000;NA;NA;29.796000;1187.113000;1961010.310000;NA;20562.140000;6840.500000;303.220000;148.040000;NA;1104.130000;516.630000;3.849846;NA;NA;NA;0.794250;116.428000;480.630000;282.250000;NA;7.770000;97.382000;10.862000;93.560000;24.000000;166.350000;14250.000000;3469.990000;490.680000;86.519531;58.156250;1.180700;57.687500;NA;NA;8671.187500;NA;97.351000;NA;NA;91.113900;90.524000;NA
2000-03-07;40.920000;475.760000;21256.000000;NA;94.640000;318.760000;31.590000;146.580000;31044.500000;2207.812500;1778.000000;69.256000;68.230000;NA;55.350000;81.790000;107.410000;85.820000;407.630000;NA;NA;NA;107.995000;1581.410000;NA;111.085000;4344.300000;590.740000;12452.050000;94.239000;NA;94.146100;91.982600;5229.700000;67.140000;78.447000;95.303000;57.550000;572.520000;61.940000;4396.150000;NA;NA;NA;NA;NA;NA;NA;NA;NA;68.476562;NA;601.490000;122.170000;53.590000;NA;NA;31928.790000;94.500000;14296.000000;NA;1056.100000;170.774000;1980.890000;128.390000;69.890000;3059.500000;106.938000;2033.000000;22.530000;88.590000;64.281000;NA;NA;25.910000;1528.880000;1204.650000;NA;NA;7068.400000;2.961900;1033.562500;NA;NA;29.808000;1165.870000;1964371.080000;NA;20510.140000;6680.800000;312.270000;146.610000;NA;1130.460000;522.090000;3.836056;NA;NA;NA;0.790860;117.251000;479.690000;279.125000;NA;7.820000;97.251000;10.894000;93.490000;23.720000;162.060000;14347.000000;3437.680000;483.100000;86.613281;58.250000;1.178240;57.656250;NA;NA;8646.250000;NA;97.309000;NA;NA;91.079700;90.475000;NA
2000-03-08;41.327000;471.650000;21061.000000;NA;94.620000;319.390000;31.740000;146.870000;31044.500000;2217.625000;1785.000000;69.115000;68.230000;NA;50.690000;74.410000;107.690000;85.680000;415.240000;63.780000;NA;13742.324000;107.832000;1598.370000;NA;110.920000;4280.400000;596.820000;12323.870000;94.219000;NA;94.136300;91.982600;5181.900000;67.130000;78.516000;95.313000;57.560000;579.120000;61.850000;4331.360000;NA;NA;NA;NA;NA;NA;NA;NA;NA;68.500000;NA;594.730000;121.400000;48.990000;NA;228476.000000;33115.740000;94.790000;14181.000000;NA;1049.800000;169.272000;1967.230000;129.110000;69.830000;3086.125000;106.753000;2014.000000;20.340000;87.100000;64.119000;NA;NA;26.170000;1528.880000;1192.510000;NA;NA;7064.200000;2.962600;1034.375000;NA;NA;30.135000;1128.799000;1991257.250000;NA;20650.690000;6779.670000;314.740000;147.770000;NA;1197.050000;521.200000;3.868650;NA;NA;NA;0.792560;117.251000;480.440000;281.312500;NA;7.890000;97.676000;10.905000;93.810000;24.020000;162.910000;14221.000000;3398.390000;478.610000;86.601562;58.250000;1.183160;57.531250;NA;NA;8712.812500;NA;97.382000;NA;NA;91.138300;90.543000;NA
2000-03-09;41.707000;467.280000;20945.000000;NA;94.610000;318.140000;31.470000;146.890000;31242.530000;2227.375000;1764.000000;69.065000;68.340000;NA;51.390000;75.650000;108.380000;85.920000;416.690000;63.897000;NA;13715.864000;107.293000;1642.830000;NA;111.284000;4336.900000;605.110000;12303.790000;94.195000;NA;94.107000;91.987500;5294.500000;67.790000;78.844000;95.481000;58.430000;571.670000;62.080000;4307.060000;NA;NA;NA;NA;NA;NA;NA;NA;NA;68.609375;NA;599.440000;122.860000;49.740000;NA;232964.000000;33194.870000;94.540000;14116.000000;NA;1031.400000;169.978000;1961.760000;124.790000;NA;3115.375000;107.085000;2017.000000;20.680000;81.790000;65.522000;NA;NA;26.400000;1533.450000;1171.710000;NA;NA;7013.200000;2.957800;1039.187500;NA;NA;30.443000;1160.455000;2013102.270000;NA;20624.670000;7008.570000;309.700000;149.210000;NA;1166.980000;521.530000;3.918168;NA;NA;NA;0.797770;117.045000;480.060000;281.875000;NA;7.960000;98.296000;10.937000;93.570000;24.070000;163.390000;14195.000000;3397.760000;482.610000;86.640625;58.406250;1.190910;57.593750;NA;NA;8762.750000;NA;97.361000;NA;NA;91.069900;90.485000;NA
2000-03-10;41.680000;474.010000;20759.000000;NA;94.600000;318.140000;31.420000;146.480000;31836.610000;2222.500000;1758.000000;69.044000;68.130000;NA;51.500000;75.350000;108.100000;85.610000;420.590000;63.919000;NA;13759.260000;107.639000;1637.270000;NA;111.416000;4394.800000;604.560000;12337.770000;94.166000;NA;94.067900;91.982600;5333.800000;67.590000;78.623000;95.341000;57.910000;586.450000;61.860000;4318.900000;NA;NA;NA;NA;NA;NA;NA;NA;NA;68.500000;NA;593.920000;121.710000;48.490000;NA;228169.000000;32621.180000;94.260000;14267.000000;NA;1037.800000;170.539000;1938.990000;123.790000;69.910000;3072.812500;107.159000;1979.000000;20.440000;82.150000;66.924000;NA;NA;26.630000;1508.280000;1150.910000;NA;NA;6984.700000;2.948100;1031.125000;NA;NA;30.449000;1155.457000;1982855.320000;NA;20619.460000;7004.010000;306.920000;148.220000;NA;1189.070000;523.980000;3.925689;NA;NA;NA;0.795950;119.719000;473.700000;278.187500;NA;8.050000;97.643000;10.866000;93.240000;23.800000;164.660000;14296.000000;3437.040000;486.960000;86.566406;58.250000;1.185010;57.312500;NA;NA;8654.562500;NA;97.392000;NA;NA;91.113900;90.533000;NA
2000-03-11;NA;NA;NA;NA;NA;NA;NA;NA;NA;NA;NA;NA;NA;NA;NA;NA;NA;NA;NA;NA;NA;NA;NA;NA;NA;NA;NA;NA;NA;NA;NA;NA;NA;NA;NA;NA;NA;NA;NA;NA;NA;NA;NA;NA;NA;NA;NA;NA;NA;NA;NA;NA;NA;NA;NA;NA;NA;NA;NA;NA;NA;NA;NA;NA;NA;NA;NA;NA;NA;NA;NA;NA;NA;NA;NA;NA;NA;NA;NA;NA;NA;NA;NA;NA;NA;NA;NA;NA;NA;NA;NA;NA;NA;NA;NA;NA;NA;NA;NA;NA;NA;NA;NA;NA;NA;NA;NA;NA;NA;NA;NA;NA;NA;NA;NA;NA;NA;NA;NA;NA;NA;NA;NA;NA;NA;NA;NA
2000-03-12;NA;NA;NA;NA;NA;NA;NA;NA;NA;NA;NA;NA;NA;NA;NA;NA;NA;NA;NA;NA;NA;NA;NA;NA;NA;NA;NA;NA;NA;NA;NA;NA;NA;NA;NA;NA;NA;NA;NA;NA;NA;NA;NA;NA;NA;NA;NA;NA;NA;NA;NA;NA;NA;NA;NA;NA;NA;NA;NA;NA;NA;NA;NA;NA;NA;NA;NA;NA;NA;NA;NA;NA;NA;NA;NA;NA;NA;NA;NA;NA;NA;NA;NA;NA;NA;NA;NA;NA;NA;NA;NA;NA;NA;NA;NA;NA;NA;NA;NA;NA;NA;NA;NA;NA;NA;NA;NA;NA;NA;NA;NA;NA;NA;NA;NA;NA;NA;NA;NA;NA;NA;NA;NA;NA;NA;NA;NA
2000-03-13;41.761000;459.410000;20122.000000;NA;94.620000;318.760000;31.940000;146.630000;31135.900000;2261.687500;1799.000000;68.894000;68.320000;NA;51.930000;75.750000;108.380000;85.810000;418.010000;63.863000;NA;13748.074000;107.425000;1618.550000;NA;110.953000;4271.600000;600.140000;11880.640000;94.166000;NA;94.087500;91.972800;5237.400000;67.730000;78.745000;95.406000;58.560000;567.510000;61.920000;4232.920000;NA;NA;NA;NA;NA;NA;NA;NA;NA;68.609375;NA;596.990000;121.470000;49.080000;NA;219156.000000;32047.490000;94.340000;13764.000000;NA;985.200000;171.465000;1938.080000;115.140000;69.800000;3099.375000;106.938000;1986.000000;20.400000;81.600000;66.762000;NA;NA;26.810000;1501.410000;1137.050000;NA;NA;6857.300000;2.952400;1038.375000;NA;NA;30.474000;1191.279000;1959329.920000;NA;19812.590000;6788.790000;298.180000;148.580000;NA;1163.590000;530.990000;3.901154;NA;NA;NA;NA;118.074000;482.310000;285.437500;NA;8.360000;97.675000;10.866000;93.360000;24.520000;157.710000;13799.000000;3312.210000;485.540000;86.601562;58.359375;1.186840;57.406250;NA;NA;8771.062500;NA;97.392000;NA;NA;91.045500;90.514000;NA
2000-03-14;41.754000;462.620000;20518.000000;NA;94.300000;319.390000;33.010000;146.500000;31135.900000;2332.750000;1828.000000;68.733000;68.570000;NA;51.390000;75.040000;112.560000;85.600000;419.010000;63.772000;NA;13680.027000;107.149000;1593.690000;NA;110.391000;4281.700000;604.560000;11829.680000;94.131000;NA;94.063000;91.972800;5255.600000;67.720000;78.692000;95.359000;58.400000;571.540000;61.790000;4263.450000;NA;NA;NA;NA;NA;NA;NA;NA;NA;68.804688;NA;593.300000;123.470000;47.930000;NA;214361.000000;31177.060000;94.330000;13656.000000;NA;1001.000000;172.303000;1871.600000;116.470000;69.650000;3179.125000;106.975000;2039.000000;20.010000;79.950000;67.139000;NA;NA;26.660000;1492.260000;1121.450000;NA;NA;7018.200000;2.948100;1059.312500;NA;NA;30.308000;1170.035000;1971092.620000;NA;19692.860000;6454.940000;300.340000;150.550000;NA;1172.080000;532.220000;3.902412;NA;NA;NA;NA;119.102000;495.240000;289.250000;NA;8.140000;97.885000;10.920000;93.390000;24.690000;161.160000;13680.000000;3314.110000;488.460000;86.687500;58.656250;1.189900;57.812500;NA;NA;9020.687500;NA;97.434000;NA;NA;91.128500;90.611000;NA
2000-03-15;41.564000;451.020000;20515.000000;NA;94.260000;320.010000;32.680000;146.150000;NA;2313.187500;1859.000000;68.592000;68.380000;NA;49.820000;73.300000;111.450000;85.250000;418.080000;63.790000;NA;13693.821000;107.262000;1632.090000;NA;110.556000;4195.200000;613.400000;11499.190000;94.151000;NA;94.077700;91.972800;5227.200000;67.890000;78.745000;95.387000;58.710000;563.600000;61.910000;4267.810000;NA;NA;NA;NA;NA;NA;NA;NA;NA;68.851562;NA;593.100000;124.700000;46.650000;NA;216188.000000;31770.530000;94.270000;13641.000000;NA;1014.600000;171.430000;1878.880000;117.580000;69.540000;3160.562500;107.417000;2077.000000;19.400000;77.480000;67.166000;NA;NA;26.520000;1505.990000;1161.310000;NA;NA;6874.600000;2.951700;1049.625000;NA;NA;30.166000;1193.778000;2004700.340000;NA;19953.140000;6251.890000;298.690000;153.330000;NA;1187.370000;532.440000;3.877876;NA;NA;NA;NA;119.514000;489.240000;286.500000;NA;8.090000;97.966000;10.990000;93.240000;24.330000;156.810000;13698.000000;3220.960000;484.240000;86.687500;58.765625;1.190880;58.093750;NA;NA;8945.812500;NA;97.486000;NA;NA;91.284900;90.776000;NA
2000-03-16;41.470000;463.060000;20914.000000;NA;94.250000;320.010000;32.850000;146.410000;31135.900000;2305.812500;1936.000000;68.261000;68.540000;NA;50.420000;73.930000;112.000000;85.480000;413.580000;63.665000;NA;13678.593000;106.996000;1706.870000;NA;110.027000;4226.200000;NA;11729.940000;94.200000;NA;94.126800;91.968000;5323.100000;68.100000;78.921000;95.537000;59.240000;NA;62.460000;4435.360000;NA;NA;NA;NA;NA;NA;NA;NA;NA;68.937500;NA;587.770000;126.010000;46.850000;NA;220137.000000;31948.580000;94.040000;13814.000000;NA;1046.600000;171.358000;1942.640000;117.020000;69.600000;3141.937500;106.458000;2099.000000;19.630000;78.580000;66.654000;NA;NA;26.580000;1503.700000;1140.510000;NA;NA;6863.200000;2.953800;1046.437500;NA;NA;30.166000;1187.530000;2024864.970000;NA;20239.450000;6630.390000;299.510000;153.960000;NA;1211.150000;536.230000;3.891088;NA;NA;NA;NA;120.645000;494.300000;286.750000;NA;8.230000;98.322000;10.905000;93.000000;24.330000;NA;13842.000000;3285.030000;499.030000;86.730469;58.906250;1.195030;58.281250;NA;NA;8862.625000;NA;97.475000;NA;NA;91.270200;90.757000;NA
2000-03-17;41.097000;470.720000;21114.000000;NA;94.250000;320.010000;34.610000;146.110000;30900.460000;2359.750000;1859.000000;68.411000;68.860000;NA;50.130000;73.430000;113.680000;85.380000;414.570000;63.278000;NA;13675.797000;107.068000;1719.570000;NA;109.961000;4264.200000;629.980000;11926.960000;94.215000;NA;94.166100;91.968000;5303.800000;68.360000;79.035000;95.602000;59.610000;571.790000;62.690000;4411.510000;NA;NA;NA;NA;NA;NA;NA;NA;NA;69.015625;NA;583.680000;125.240000;46.650000;NA;217905.000000;31703.270000;94.130000;13979.000000;NA;1058.400000;169.506000;1937.170000;118.350000;69.700000;3187.125000;106.163000;2058.000000;19.470000;79.680000;67.598000;NA;NA;26.550000;1501.410000;1138.780000;NA;NA;6923.000000;2.960100;1054.437500;NA;NA;29.919000;1160.039000;2041668.830000;NA;20150.950000;6783.590000;297.870000;154.490000;NA;1206.050000;539.680000;3.877876;NA;NA;NA;NA;121.571000;507.790000;293.312500;NA;8.130000;98.483000;10.915000;93.150000;24.590000;166.230000;14040.000000;3311.030000;499.690000;86.730469;59.109375;1.196500;58.531250;NA;NA;9062.312500;NA;97.455000;NA;NA;91.304400;90.757000;NA
2000-03-18;NA;NA;NA;NA;NA;NA;NA;NA;NA;NA;NA;NA;NA;NA;NA;NA;NA;NA;NA;NA;NA;NA;NA;NA;NA;NA;NA;NA;NA;NA;NA;NA;NA;NA;NA;NA;NA;NA;NA;NA;NA;NA;NA;NA;NA;NA;NA;NA;NA;NA;NA;NA;NA;NA;NA;NA;NA;NA;NA;NA;NA;NA;NA;NA;NA;NA;NA;NA;NA;NA;NA;NA;NA;NA;NA;NA;NA;NA;NA;NA;NA;NA;NA;NA;NA;NA;NA;NA;NA;NA;NA;NA;NA;NA;NA;NA;NA;NA;NA;NA;NA;NA;NA;NA;NA;NA;NA;NA;NA;NA;NA;NA;NA;NA;NA;NA;NA;NA;NA;NA;NA;NA;NA;NA;NA;NA;NA
2000-03-19;NA;NA;NA;NA;NA;NA;NA;NA;NA;NA;NA;NA;NA;NA;NA;NA;NA;NA;NA;NA;NA;NA;NA;NA;NA;NA;NA;NA;NA;NA;NA;NA;NA;NA;NA;NA;NA;NA;NA;NA;NA;NA;NA;NA;NA;NA;NA;NA;NA;NA;NA;NA;NA;NA;NA;NA;NA;NA;NA;NA;NA;NA;NA;NA;NA;NA;NA;NA;NA;NA;NA;NA;NA;NA;NA;NA;NA;NA;NA;NA;NA;NA;NA;NA;NA;NA;NA;NA;NA;NA;NA;NA;NA;NA;NA;NA;NA;NA;NA;NA;NA;NA;NA;NA;NA;NA;NA;NA;NA;NA;NA;NA;NA;NA;NA;NA;NA;NA;NA;NA;NA;NA;NA;NA;NA;NA;NA
2000-03-20;41.206000;471.130000;21137.000000;NA;94.250000;320.010000;33.860000;145.830000;30900.460000;2310.687500;1774.000000;68.472000;69.070000;NA;47.730000;69.570000;112.560000;85.220000;404.320000;63.125000;NA;13650.942000;106.965000;1706.870000;NA;110.225000;4295.200000;631.630000;12141.610000;94.239000;NA;94.171000;91.963100;5352.800000;68.310000;79.020000;95.583000;59.570000;568.610000;62.520000;4449.160000;NA;NA;NA;NA;NA;NA;NA;NA;NA;68.992188;NA;586.750000;124.170000;44.280000;NA;217402.000000;31521.280000;NA;NA;NA;NA;170.129000;1880.710000;118.410000;69.570000;3133.937500;106.569000;1995.000000;18.480000;76.660000;68.029000;NA;NA;26.180000;1487.680000;1131.850000;NA;NA;6895.800000;2.959400;1044.000000;NA;NA;29.907000;1130.465000;2024864.970000;NA;20150.950000;6537.270000;296.840000;151.540000;NA;1152.370000;542.350000;3.870327;NA;NA;NA;NA;119.719000;493.180000;286.937500;NA;7.910000;98.483000;10.783000;NA;24.000000;164.360000;14047.000000;3368.120000;503.430000;86.710938;59.093750;1.197230;58.625000;NA;NA;8862.625000;NA;97.382000;NA;NA;91.333700;90.728000;NA
2000-03-21;41.368000;467.960000;NA;NA;94.260000;320.010000;33.490000;146.190000;30900.460000;2273.937500;1797.000000;68.562000;69.260000;NA;45.410000;70.220000;111.310000;85.330000;405.910000;63.056000;NA;13646.782000;107.690000;1740.940000;NA;110.358000;4265.600000;628.320000;12048.080000;94.249000;NA;94.166100;91.972800;5357.600000;68.350000;79.073000;95.621000;59.570000;580.100000;62.430000;4514.420000;NA;NA;NA;NA;NA;NA;NA;NA;NA;69.039062;NA;594.730000;125.860000;44.730000;NA;227335.000000;NA;93.970000;14037.000000;NA;1054.600000;168.918000;1898.010000;121.130000;69.520000;3075.500000;106.938000;1942.000000;18.850000;76.560000;67.436000;NA;NA;26.310000;NA;NA;NA;NA;6882.400000;2.967900;1034.375000;NA;NA;30.227000;1145.877000;2029906.130000;NA;20515.350000;6785.840000;293.140000;150.280000;NA;1112.630000;547.250000;3.869069;NA;NA;NA;NA;117.251000;489.240000;287.437500;NA;8.020000;97.578000;10.975000;92.980000;24.250000;168.410000;14073.000000;3354.800000;509.670000;86.714844;59.218750;1.186350;58.781250;NA;NA;8662.875000;NA;97.403000;NA;NA;91.397300;90.776000;NA
2000-03-22;40.996000;472.030000;21436.000000;NA;94.290000;320.010000;33.940000;146.520000;30900.460000;2298.437500;1803.000000;68.502000;69.330000;89.290000;44.840000;69.440000;113.120000;85.000000;395.860000;62.976000;NA;13582.205000;107.956000;1752.480000;NA;110.622000;4236.000000;635.500000;12032.750000;94.229000;NA;94.166100;91.977700;5346.400000;68.310000;79.050000;95.593000;59.520000;584.010000;62.010000;4580.940000;NA;NA;NA;NA;NA;NA;NA;NA;NA;69.093750;NA;590.430000;125.630000;45.320000;NA;229567.000000;30820.980000;94.150000;14145.000000;NA;1046.000000;169.096000;1927.150000;122.900000;69.540000;3062.187500;107.934000;1979.000000;18.620000;77.020000;67.436000;NA;NA;26.350000;1480.810000;1124.920000;NA;NA;6772.300000;2.983400;1044.000000;NA;NA;30.073000;1163.787000;2058472.690000;NA;20442.470000;6939.040000;294.990000;150.370000;NA;1107.610000;549.700000;3.888571;NA;NA;NA;NA;118.279000;492.610000;289.812500;NA;8.090000;97.304000;10.990000;93.190000;24.390000;168.710000;14184.000000;3341.480000;518.120000;86.742188;59.250000;1.180970;58.750000;NA;NA;8712.812500;NA;97.392000;NA;NA;91.465700;90.815000;NA
2000-03-23;41.057000;470.120000;21639.000000;NA;94.250000;320.630000;33.280000;147.430000;30900.460000;2256.812500;1814.000000;68.562000;69.350000;89.260000;44.590000;69.290000;112.700000;85.010000;390.440000;63.423000;NA;13508.824000;107.006000;1783.090000;NA;110.391000;4238.000000;634.400000;11960.690000;94.234000;NA;94.180800;91.968000;5342.700000;68.640000;79.211000;95.649000;60.050000;595.980000;62.280000;4596.630000;NA;NA;NA;NA;NA;NA;NA;NA;NA;69.148438;NA;584.490000;125.780000;46.320000;NA;228243.000000;31485.670000;94.160000;14123.000000;NA;1039.000000;168.277000;1859.760000;120.460000;69.530000;2979.812500;107.786000;1970.000000;18.680000;76.290000;67.436000;NA;NA;26.750000;1460.210000;1117.980000;NA;NA;6691.400000;2.996800;1030.312500;NA;NA;30.104000;1185.864000;2088719.630000;NA;20556.990000;7108.010000;296.430000;150.820000;NA;1090.540000;532.770000;3.878505;NA;NA;NA;NA;116.428000;487.740000;284.875000;NA;8.400000;98.984000;10.900000;93.160000;24.090000;167.200000;14148.000000;3342.750000;522.260000;86.714844;59.328125;1.195160;59.062500;NA;NA;8529.750000;NA;97.299000;NA;NA;91.431500;90.747000;NA
2000-03-24;41.233000;475.200000;21817.000000;NA;94.160000;321.250000;33.740000;148.010000;30897.520000;2273.937500;1739.000000;68.783000;68.730000;89.050000;45.750000;70.790000;112.700000;84.700000;388.920000;63.608000;NA;13603.410000;106.608000;1796.370000;NA;110.556000;4294.900000;634.950000;12192.210000;94.205000;NA;94.126800;91.963100;5469.900000;68.340000;79.012000;95.555000;59.650000;595.980000;62.160000;4630.520000;NA;NA;NA;NA;NA;NA;NA;NA;NA;68.851562;NA;583.880000;124.700000;48.700000;NA;230978.000000;32071.230000;93.990000;14267.000000;NA;1036.800000;168.865000;1878.880000;124.840000;69.660000;2955.875000;107.786000;1891.000000;18.990000;78.300000;67.652000;NA;NA;26.520000;1444.190000;1104.120000;NA;NA;6815.400000;3.003200;1031.125000;NA;NA;30.215000;1181.282000;2122327.350000;NA;20765.220000;7215.400000;297.150000;147.950000;NA;1049.780000;532.890000;3.872214;NA;NA;NA;NA;117.765000;491.120000;289.625000;NA;8.290000;100.099000;10.954000;93.000000;24.350000;167.740000;14311.000000;3416.320000;529.390000;86.539062;58.937500;1.198950;58.437500;NA;NA;8413.250000;NA;97.216000;NA;NA;91.407000;90.689000;NA
2000-03-25;NA;NA;NA;NA;NA;NA;NA;NA;NA;NA;NA;NA;NA;NA;NA;NA;NA;NA;NA;NA;NA;NA;NA;NA;NA;NA;NA;NA;NA;NA;NA;NA;NA;NA;NA;NA;NA;NA;NA;NA;NA;NA;NA;NA;NA;NA;NA;NA;NA;NA;NA;NA;NA;NA;NA;NA;NA;NA;NA;NA;NA;NA;NA;NA;NA;NA;NA;NA;NA;NA;NA;NA;NA;NA;NA;NA;NA;NA;NA;NA;NA;NA;NA;NA;NA;NA;NA;NA;NA;NA;NA;NA;NA;NA;NA;NA;NA;NA;NA;NA;NA;NA;NA;NA;NA;NA;NA;NA;NA;NA;NA;NA;NA;NA;NA;NA;NA;NA;NA;NA;NA;NA;NA;NA;NA;NA;NA
2000-03-26;NA;NA;NA;NA;NA;NA;NA;NA;NA;NA;NA;NA;NA;NA;NA;NA;NA;NA;NA;NA;NA;NA;NA;NA;NA;NA;NA;NA;NA;NA;NA;NA;NA;NA;NA;NA;NA;NA;NA;NA;NA;NA;NA;NA;NA;NA;NA;NA;NA;NA;NA;NA;NA;NA;NA;NA;NA;NA;NA;NA;NA;NA;NA;NA;NA;NA;NA;NA;NA;NA;NA;NA;NA;NA;NA;NA;NA;NA;NA;NA;NA;NA;NA;NA;NA;NA;NA;NA;NA;NA;NA;NA;NA;NA;NA;NA;NA;NA;NA;NA;NA;NA;NA;NA;NA;NA;NA;NA;NA;NA;NA;NA;NA;NA;NA;NA;NA;NA;NA;NA;NA;NA;NA;NA;NA;NA;NA
2000-03-27;41.429000;475.790000;21846.000000;NA;94.170000;321.250000;34.130000;147.470000;30897.520000;2278.875000;1650.000000;68.924000;68.760000;89.000000;45.370000;70.070000;113.400000;84.430000;391.560000;63.771000;NA;13705.806000;107.374000;1776.740000;NA;111.019000;4348.400000;648.210000;12184.540000;94.180000;NA;94.117000;91.958200;5406.500000;67.990000;78.829000;95.471000;59.410000;605.750000;61.550000;4599.770000;NA;NA;NA;NA;NA;NA;NA;NA;NA;68.835938;NA;574.460000;123.400000;47.960000;NA;233810.000000;32071.230000;93.770000;14490.000000;NA;1044.100000;169.257000;1878.880000;123.900000;69.650000;2971.812500;107.823000;1828.000000;18.820000;77.300000;67.598000;NA;NA;26.830000;1451.060000;1119.720000;NA;NA;6772.900000;3.010200;1035.937500;NA;NA;30.628000;1213.771000;2288685.550000;NA;20947.410000;7152.320000;292.530000;147.860000;NA;1044.250000;529.320000;3.880393;NA;NA;NA;NA;121.776000;492.430000;290.062500;NA;8.430000;99.017000;10.894000;92.820000;24.220000;171.910000;14523.000000;3418.230000;530.800000;86.523438;58.984375;1.187090;58.468750;NA;NA;8471.500000;NA;97.164000;NA;NA;91.284900;90.592000;NA
2000-03-28;41.686000;478.730000;21424.000000;NA;94.170000;321.880000;33.940000;147.650000;30897.520000;2205.375000;1687.000000;69.296000;68.770000;89.000000;44.230000;68.380000;112.840000;84.290000;391.160000;63.645000;NA;13660.843000;107.353000;1767.210000;NA;111.152000;4396.200000;657.610000;12224.400000;94.220000;NA;94.146400;91.958200;5393.700000;68.230000;78.974000;95.546000;59.230000;598.790000;61.750000;4592.240000;NA;NA;NA;NA;NA;NA;NA;NA;NA;68.937500;NA;572.410000;123.630000;48.240000;NA;227703.000000;31393.450000;93.880000;14727.000000;NA;1071.700000;170.628000;1903.470000;125.010000;69.760000;2918.625000;108.008000;1857.000000;18.700000;77.390000;67.894000;NA;NA;26.840000;1460.210000;1123.180000;NA;NA;6794.000000;3.001100;1023.875000;NA;NA;31.060000;1234.181000;2258438.600000;NA;21186.870000;7002.870000;294.990000;147.950000;NA;1045.610000;533.550000;3.873472;NA;NA;NA;NA;117.354000;491.120000;287.312500;NA;8.340000;98.451000;10.858000;92.890000;24.000000;172.760000;14762.000000;3438.530000;528.250000;86.558594;59.062500;1.182070;58.468750;NA;NA;8313.375000;NA;97.216000;NA;NA;91.333700;90.640000;NA
2000-03-29;41.443000;477.870000;21568.000000;NA;94.160000;322.500000;34.500000;148.270000;30841.610000;2224.937500;1648.000000;69.085000;68.580000;88.860000;43.190000;67.130000;113.540000;83.920000;383.230000;62.462000;NA;13671.872000;108.140000;1767.500000;NA;110.067000;4374.300000;650.980000;12167.670000;94.190000;NA;94.126800;91.963100;5337.500000;68.010000;78.890000;95.509000;59.200000;600.500000;61.740000;4616.080000;NA;NA;NA;NA;NA;NA;NA;NA;NA;69.007812;NA;565.040000;124.090000;47.170000;NA;223019.000000;31007.230000;93.990000;14864.000000;NA;1100.800000;171.056000;1892.550000;127.340000;69.810000;2934.625000;105.794000;1882.000000;17.890000;74.550000;68.245000;NA;NA;27.060000;1462.500000;1133.580000;NA;NA;6742.600000;2.986200;1021.500000;NA;NA;30.894000;1208.010000;2119457.770000;NA;21400.300000;6711.490000;290.880000;147.500000;NA;1036.190000;528.430000;3.853970;NA;NA;NA;NA;118.177000;495.610000;288.687500;NA;8.360000;97.142000;10.596000;93.010000;24.000000;170.100000;14884.000000;3435.350000;519.710000;86.601562;59.156250;1.168750;58.468750;NA;NA;8363.312500;NA;97.185000;NA;NA;91.304400;90.630000;NA
2000-03-30;41.531000;463.390000;21028.000000;NA;94.220000;323.740000;34.670000;148.320000;30547.320000;2286.187500;1644.000000;69.215000;68.980000;89.040000;43.590000;67.650000;114.230000;84.030000;380.720000;62.609000;NA;13693.616000;107.404000;1737.180000;NA;110.133000;4254.300000;661.480000;11802.770000;94.220000;NA;94.166100;91.963100;5206.400000;68.370000;79.104000;95.621000;59.510000;586.100000;62.090000;4584.080000;NA;NA;NA;NA;NA;NA;NA;NA;NA;69.312500;NA;565.850000;124.170000;47.800000;NA;217329.000000;29886.440000;94.470000;14691.000000;NA;1082.400000;171.109000;1885.260000;125.340000;69.870000;2977.125000;106.052000;1819.000000;18.060000;74.730000;69.189000;NA;NA;27.460000;1457.930000;1133.580000;NA;NA;6595.500000;2.977100;1032.750000;NA;NA;30.906000;1193.471000;2044755.570000;NA;21134.820000;6499.720000;287.080000;147.150000;NA;1023.960000;533.220000;3.820627;NA;NA;NA;NA;119.925000;501.600000;293.312500;NA;8.560000;98.209000;10.603000;93.520000;24.450000;165.800000;14740.000000;3316.740000;501.670000;86.765625;59.609375;1.181220;59.125000;NA;NA;8504.750000;NA;97.195000;NA;NA;91.294700;90.630000;NA
2000-03-31;41.192000;463.980000;21146.000000;NA;94.190000;324.370000;35.510000;148.060000;29855.730000;2313.187500;1656.000000;69.436000;69.240000;89.260000;43.920000;68.460000;114.790000;83.880000;384.480000;62.460000;NA;13586.718000;107.364000;1749.890000;NA;110.429000;4217.300000;660.920000;11660.180000;94.244000;NA;94.171000;91.963100;5293.800000;68.510000;79.165000;95.667000;59.600000;591.550000;62.170000;4636.790000;NA;NA;NA;NA;NA;NA;NA;NA;NA;69.414062;NA;570.510000;123.780000;50.950000;NA;220910.000000;29382.850000;94.620000;14670.000000;NA;1080.200000;176.489000;1888.900000;122.010000;70.040000;3046.250000;106.532000;1853.000000;18.160000;74.730000;69.404000;NA;NA;28.240000;1469.370000;1133.580000;NA;NA;6640.800000;2.994700;1052.062500;NA;NA;30.690000;1223.381000;2056916.390000;NA;21207.690000;6694.970000;286.770000;146.610000;NA;1011.560000;552.590000;3.848937;NA;NA;NA;NA;120.028000;501.420000;297.687500;NA;9.100000;97.853000;10.734000;93.660000;24.650000;165.620000;14711.000000;3318.640000;508.710000;86.785156;59.765625;1.174500;59.437500;NA;NA;8729.437500;NA;97.330000;NA;NA;91.475400;90.805000;NA
2000-04-01;NA;NA;NA;NA;NA;NA;NA;NA;NA;NA;NA;NA;NA;NA;NA;NA;NA;NA;NA;NA;NA;NA;NA;NA;NA;NA;NA;NA;NA;NA;NA;NA;NA;NA;NA;NA;NA;NA;NA;NA;NA;NA;NA;NA;NA;NA;NA;NA;NA;NA;NA;NA;NA;NA;NA;NA;NA;NA;NA;NA;NA;NA;NA;NA;NA;NA;NA;NA;NA;NA;NA;NA;NA;NA;NA;NA;NA;NA;NA;NA;NA;NA;NA;NA;NA;NA;NA;NA;NA;NA;NA;NA;NA;NA;NA;NA;NA;NA;NA;NA;NA;NA;NA;NA;NA;NA;NA;NA;NA;NA;NA;NA;NA;NA;NA;NA;NA;NA;NA;NA;NA;NA;NA;NA;NA;NA;NA
2000-04-02;NA;NA;NA;NA;NA;NA;NA;NA;NA;NA;NA;NA;NA;NA;NA;NA;NA;NA;NA;NA;NA;NA;NA;NA;NA;NA;NA;NA;NA;NA;NA;NA;NA;NA;NA;NA;NA;NA;NA;NA;NA;NA;NA;NA;NA;NA;NA;NA;NA;NA;NA;NA;NA;NA;NA;NA;NA;NA;NA;NA;NA;NA;NA;NA;NA;NA;NA;NA;NA;NA;NA;NA;NA;NA;NA;NA;NA;NA;NA;NA;NA;NA;NA;NA;NA;NA;NA;NA;NA;NA;NA;NA;NA;NA;NA;NA;NA;NA;NA;NA;NA;NA;NA;NA;NA;NA;NA;NA;NA;NA;NA;NA;NA;NA;NA;NA;NA;NA;NA;NA;NA;NA;NA;NA;NA;NA;NA
2000-04-03;41.151000;454.080000;21215.000000;NA;94.190000;324.990000;35.950000;148.490000;29429.010000;2296.000000;1623.000000;69.376000;69.260000;89.260000;43.150000;67.320000;115.490000;84.080000;386.140000;62.459000;NA;13628.875000;107.415000;1764.900000;NA;110.232000;4119.800000;677.490000;11460.090000;94.239000;NA;94.171000;91.968000;5226.800000;68.650000;79.241000;95.695000;59.820000;584.290000;62.360000;4676.950000;NA;NA;NA;NA;NA;NA;NA;NA;NA;69.507812;NA;568.490000;123.400000;49.920000;NA;212387.000000;28966.340000;94.470000;14893.000000;NA;1097.600000;172.124000;1859.760000;119.300000;69.990000;3019.687500;106.458000;1800.000000;17.970000;75.920000;69.485000;NA;NA;28.470000;1478.520000;1135.310000;NA;NA;6507.900000;2.982000;1037.562500;NA;NA;30.721000;1200.118000;2215007.090000;NA;21452.360000;6210.590000;294.070000;149.300000;NA;988.620000;554.630000;3.842646;NA;NA;NA;NA;117.868000;510.780000;298.250000;NA;9.110000;98.629000;10.760000;93.510000;24.650000;162.600000;14920.000000;3253.940000;501.670000;86.851562;59.890625;1.177310;59.500000;NA;NA;8579.687500;NA;97.278000;NA;NA;91.499900;90.776000;NA
2000-04-04;41.036000;459.110000;21496.000000;NA;94.310000;326.860000;35.660000;148.320000;29429.010000;2273.937500;1675.000000;69.265000;70.010000;89.930000;41.550000;65.210000;114.790000;84.590000;378.330000;62.942000;NA;13664.137000;107.047000;1754.790000;NA;109.509000;4201.900000;669.200000;11624.910000;94.234000;NA;94.220100;91.987500;5207.600000;69.090000;79.501000;95.873000;60.430000;583.080000;62.190000;4735.940000;NA;NA;NA;NA;NA;NA;NA;NA;NA;70.031250;NA;581.060000;121.940000;47.770000;NA;205948.000000;28171.180000;94.710000;14821.000000;NA;1082.800000;172.089000;1823.330000;118.190000;70.050000;2998.375000;105.831000;1850.000000;17.340000;73.730000;69.108000;NA;NA;28.230000;1467.080000;1131.850000;NA;NA;6429.800000;2.954500;1033.562500;NA;NA;30.937000;1172.285000;2225430.650000;NA;21166.050000;6106.960000;294.170000;147.330000;NA;1006.200000;575.240000;3.830693;NA;NA;NA;NA;116.120000;504.790000;293.875000;NA;8.960000;99.566000;10.990000;93.740000;24.120000;162.960000;14855.000000;3285.660000;484.330000;87.183594;60.343750;1.184150;60.031250;NA;NA;8513.062500;NA;97.257000;NA;NA;91.524300;90.776000;NA
2000-04-05;41.063000;449.600000;20621.000000;NA;94.240000;327.480000;35.840000;147.130000;29105.290000;2273.937500;1679.000000;69.416000;69.560000;89.550000;42.170000;65.680000;113.950000;85.570000;372.980000;63.100000;NA;13638.351000;107.251000;1738.630000;NA;109.936000;4063.700000;666.440000;11263.070000;94.288000;NA;94.215100;91.982600;5104.900000;68.850000;79.440000;95.826000;59.740000;575.220000;62.580000;4656.250000;NA;NA;NA;NA;NA;NA;NA;NA;NA;69.882812;NA;575.380000;121.630000;49.100000;NA;205200.000000;28493.030000;94.760000;14742.000000;NA;1066.600000;171.964000;1854.290000;NA;NA;2995.750000;106.347000;1875.000000;17.410000;75.100000;68.622000;NA;NA;28.830000;1501.410000;1150.910000;NA;NA;6317.800000;2.953800;1043.187500;NA;NA;31.079000;1199.702000;2152465.720000;NA;21327.420000;6097.940000;282.450000;145.710000;NA;1011.900000;569.010000;3.813706;NA;NA;NA;NA;116.222000;508.350000;296.312500;NA;9.280000;99.501000;10.930000;93.790000;24.420000;162.780000;14769.000000;3197.490000;490.840000;87.085938;60.187500;1.183050;59.875000;NA;NA;8529.750000;NA;97.257000;NA;NA;91.573100;90.854000;NA
2000-04-06;40.847000;459.400000;20822.000000;NA;94.240000;328.100000;34.600000;146.890000;29281.870000;2224.937500;1708.000000;69.326000;69.580000;89.550000;41.950000;65.190000;113.400000;85.290000;368.220000;63.279000;NA;13653.860000;107.394000;1751.330000;NA;110.264000;4196.100000;NA;11476.960000;94.244000;NA;94.175900;91.972900;5224.800000;68.610000;79.226000;95.742000;59.520000;NA;62.220000;4658.130000;NA;NA;NA;NA;NA;NA;NA;NA;NA;69.710938;NA;573.150000;117.400000;48.990000;NA;209468.000000;29155.660000;94.980000;14555.000000;NA;1045.400000;172.107000;1836.990000;114.580000;70.160000;2979.812500;106.089000;1904.000000;17.190000;75.830000;68.865000;NA;NA;28.890000;1485.390000;1135.310000;NA;NA;6497.900000;2.957300;1037.562500;NA;NA;30.937000;1227.950000;2204583.530000;NA;21275.370000;6225.610000;284.610000;145.260000;NA;995.420000;557.800000;3.817481;NA;NA;NA;NA;114.782000;500.110000;289.812500;NA;9.190000;99.453000;10.920000;94.030000;24.070000;166.770000;14596.000000;3293.270000;498.410000;86.996094;60.062500;1.179510;59.937500;NA;NA;8446.500000;NA;97.247000;NA;NA;91.582900;90.883000;NA
2000-04-07;40.589000;468.960000;20793.000000;NA;94.230000;328.100000;34.850000;146.860000;29281.870000;2247.000000;1677.000000;69.085000;69.760000;89.650000;40.880000;63.500000;112.560000;85.810000;372.250000;63.022000;NA;13607.932000;107.966000;1765.760000;NA;110.626000;4248.900000;661.470000;11572.020000;94.224000;NA;94.156200;91.968000;5293.400000;68.760000;79.287000;95.751000;59.870000;577.640000;62.510000;4647.460000;NA;NA;NA;NA;NA;NA;NA;NA;NA;69.796875;NA;572.740000;118.170000;48.090000;NA;215011.000000;29496.440000;95.120000;14698.000000;NA;1065.300000;170.984000;1814.220000;118.350000;70.330000;3014.312500;106.384000;1888.000000;16.550000;74.920000;70.213000;NA;NA;28.610000;1473.950000;1119.720000;NA;NA;6582.200000;2.984100;1040.812500;NA;NA;30.844000;1234.181000;2258438.600000;NA;21395.100000;6513.990000;288.820000;146.070000;NA;983.530000;524.270000;3.831322;NA;NA;NA;NA;116.017000;503.290000;294.000000;NA;9.080000;98.887000;10.898000;94.110000;24.460000;169.010000;14733.000000;3338.940000;504.570000;87.019531;60.250000;1.172660;60.437500;NA;NA;8604.625000;NA;97.174000;NA;NA;91.524300;90.825000;NA
2000-04-08;NA;NA;NA;NA;NA;NA;NA;NA;NA;NA;NA;NA;NA;NA;NA;NA;NA;NA;NA;NA;NA;NA;NA;NA;NA;NA;NA;NA;NA;NA;NA;NA;NA;NA;NA;NA;NA;NA;NA;NA;NA;NA;NA;NA;NA;NA;NA;NA;NA;NA;NA;NA;NA;NA;NA;NA;NA;NA;NA;NA;NA;NA;NA;NA;NA;NA;NA;NA;NA;NA;NA;NA;NA;NA;NA;NA;NA;NA;NA;NA;NA;NA;NA;NA;NA;NA;NA;NA;NA;NA;NA;NA;NA;NA;NA;NA;NA;NA;NA;NA;NA;NA;NA;NA;NA;NA;NA;NA;NA;NA;NA;NA;NA;NA;NA;NA;NA;NA;NA;NA;NA;NA;NA;NA;NA;NA;NA
2000-04-09;NA;NA;NA;NA;NA;NA;NA;NA;NA;NA;NA;NA;NA;NA;NA;NA;NA;NA;NA;NA;NA;NA;NA;NA;NA;NA;NA;NA;NA;NA;NA;NA;NA;NA;NA;NA;NA;NA;NA;NA;NA;NA;NA;NA;NA;NA;NA;NA;NA;NA;NA;NA;NA;NA;NA;NA;NA;NA;NA;NA;NA;NA;NA;NA;NA;NA;NA;NA;NA;NA;NA;NA;NA;NA;NA;NA;NA;NA;NA;NA;NA;NA;NA;NA;NA;NA;NA;NA;NA;NA;NA;NA;NA;NA;NA;NA;NA;NA;NA;NA;NA;NA;NA;NA;NA;NA;NA;NA;NA;NA;NA;NA;NA;NA;NA;NA;NA;NA;NA;NA;NA;NA;NA;NA;NA;NA;NA
